confirmed,recovered,deceased,Vaccine_doses,pop perc,Population,pop_density,Oxygen Production m/t,Demand,Supply,18-45yrs per,45+yrs perr,hospital,beds,Test Positivity Ratio,Growth in TPR ,Number of tests
18,7,0,30799,37.7,397000,46,1,1,1,48.64,21.08,5,90,1.1,0.6,332119
12,1,0,33217,37.7,397000,46,1,2,1,48.64,21.08,5,90,0.8,-0.3,333671
14,10,0,35447,37.7,397000,46,1,2,1,48.64,21.08,5,90,0.7,-0.1,335784
15,2,0,37671,37.7,397000,46,1,2,3,48.64,21.08,5,90,0.7,0.1,337833
11,10,0,42285,37.7,397000,46,1,2,3,48.64,21.08,5,90,0.7,0.1,339482
8,4,0,48901,37.7,397000,46,1,1,3,48.64,21.08,5,90,0.4,-0.3,341557
38,24,1,55598,37.7,397000,46,1,1,1,48.64,21.08,5,90,2,1.6,343431
15,4,0,60898,37.7,397000,46,1,3,1,48.64,21.08,5,90,0.7,-0.3,345485
27,28,0,67734,37.7,397000,46,1,3,3,48.64,21.08,5,90,1.3,0.6,347489
42,36,1,74108,37.7,397000,46,1,1,1,48.64,21.08,5,90,1.9,0.5,349739
59,54,0,78236,37.7,397000,46,1,3,3,48.64,21.08,5,90,2.5,0.6,352086
31,12,0,83085,37.7,397000,46,1,2,1,48.64,21.08,5,90,1.9,0.7,353754
45,31,0,86926,37.7,397000,46,1,3,1,48.64,21.08,5,90,2.6,0.7,355507
24,33,0,89072,37.7,397000,46,1,2,3,48.64,21.08,5,90,1.2,-1.3,357442
37,33,1,91977,37.7,397000,46,1,3,1,48.64,21.08,5,90,2.5,1.3,358903
42,49,0,94166,37.7,397000,46,1,2,1,48.64,21.08,5,90,2.5,-0.1,360595
45,52,1,96109,37.7,397000,46,1,3,1,48.64,21.08,5,90,4.5,2,361594
51,57,0,97392,37.7,397000,46,1,2,1,48.64,21.08,5,90,3.5,-1,363056
51,53,0,99109,37.7,397000,46,1,3,3,48.64,21.08,5,90,3,-0.5,364735
48,42,0,100588,37.7,397000,46,1,3,3,48.64,21.08,5,90,2.5,-0.6,366683
52,44,1,101770,37.7,397000,46,1,3,1,48.64,21.08,5,90,5.2,2.7,367689
59,37,0,102998,37.7,397000,46,1,3,3,48.64,21.08,5,90,4.7,-0.5,368945
74,58,0,104374,37.7,397000,46,1,1,1,48.64,21.08,5,90,3.8,-0.9,370896
97,72,1,105163,37.7,397000,46,1,1,3,48.64,21.08,5,90,7.4,3.6,372214
38,25,1,105286,37.7,397000,46,1,1,1,48.64,21.08,5,90,4.8,-2.6,373007
66,52,1,106203,37.7,397000,46,1,1,1,48.64,21.08,5,90,8.5,3.7,373785
31,29,0,106880,37.7,397000,46,1,2,2,48.64,21.08,5,90,4.8,-3.7,374428
42,49,1,107756,37.7,397000,46,1,3,2,48.64,21.08,5,90,6.3,1.5,375095
32,30,1,108829,37.7,397000,46,1,1,1,48.64,21.08,5,90,8.4,2.1,375477
56,72,0,109868,37.7,397000,46,1,2,3,48.64,21.08,5,90,11.4,3.1,375967
30,26,2,110657,37.7,397000,46,1,3,2,48.64,21.08,5,90,5.3,-6.2,376536
2558,915,6,3497015,29.6,52221000,308,200,440,440,43.87,22.88,8,365,8.2,0.9,15333851
2765,1245,11,3571233,29.6,52221000,308,200,440,440,43.87,22.88,8,365,8.7,0.5,15365743
3309,1053,12,3806708,29.6,52221000,308,200,440,440,43.87,22.88,8,365,10.4,1.7,15397672
3495,1198,9,3893003,29.6,52221000,308,200,440,440,43.87,22.88,8,365,11,0.7,15429391
3263,1091,11,3913719,29.6,52221000,308,200,440,440,43.87,22.88,8,365,9.7,-1.4,15463146
4228,1483,10,3918529,29.6,52221000,308,200,440,440,43.87,22.88,8,365,11.9,2.2,15498728
4157,1606,18,4563073,29.6,52221000,308,200,440,440,43.87,22.88,8,365,11.6,-0.2,15534460
5086,1745,14,4597577,29.6,52221000,308,200,440,440,43.87,22.88,8,365,14.2,2.6,15570201
6096,2194,20,4603804,29.6,52221000,308,200,440,440,43.87,22.88,8,365,17,2.7,15606163
7224,2332,15,4607975,29.6,52221000,308,200,440,440,43.87,22.88,8,365,20,3.2,15642070
6582,2343,22,4613024,29.6,52221000,308,200,440,440,43.87,22.88,8,365,18.3,-1.8,15677992
5963,2569,27,4756984,29.6,52221000,308,200,440,440,43.87,22.88,8,365,15.8,-2.5,15715757
8987,3116,35,4927736,29.6,52221000,308,200,440,440,43.87,22.88,8,365,23.7,7.9,15753679
9716,3359,38,4968504,29.6,52221000,308,200,440,440,43.87,22.88,8,365,24.5,0.8,15793298
10759,3992,31,5330080,29.6,52221000,308,200,440,440,43.87,22.88,8,365,25.7,1.2,15835169
11766,4441,38,5555014,29.6,52221000,308,200,440,440,43.87,22.88,8,365,25.8,0.1,15880750
11698,4421,37,5670368,29.6,52221000,308,200,440,440,43.87,22.88,8,365,22.9,-2.9,15931722
12634,4304,69,5678628,29.6,52221000,308,200,440,440,43.87,22.88,8,365,20.1,-2.9,15994607
9881,4431,51,5986822,29.6,52221000,308,200,440,440,43.87,22.88,8,365,13.3,-6.7,16068648
11434,7055,64,6177974,29.6,52221000,308,200,440,440,43.87,22.88,8,365,15.4,2,16143083
14669,6433,71,6282487,29.6,52221000,308,200,440,440,43.87,22.88,8,365,19.6,4.3,16217831
14792,8188,57,6354053,29.6,52221000,308,200,440,440,43.87,22.88,8,365,17.2,-2.4,16303866
17354,8468,64,6579817,29.6,52221000,308,200,440,440,43.87,22.88,8,365,20.1,2.9,16390360
19412,11579,61,6700248,29.6,52221000,308,200,440,440,43.87,22.88,8,365,19.8,-0.3,16488574
23920,11411,83,6696306,29.6,52221000,308,200,440,440,43.87,22.88,8,365,20.9,1.2,16602873
18972,10227,71,6729038,29.6,52221000,308,200,440,440,43.87,22.88,8,365,16.5,-4.5,16718148
20034,12207,82,6742700,29.6,52221000,308,200,440,440,43.87,22.88,8,365,17.3,0.8,16833932
22204,11128,85,6916457,29.6,52221000,308,200,440,440,43.87,22.88,8,365,19.1,1.8,16950299
21954,10141,72,7070242,29.6,52221000,308,200,440,440,43.87,22.88,8,365,19.9,0.9,17060446
17188,12749,73,7167599,29.6,52221000,308,200,440,440,43.87,22.88,8,365,17.1,-2.8,17160870
20065,19272,96,7294471,29.6,52221000,308,200,440,440,43.87,22.88,8,365,19.8,2.6,17262441
12,0,0,120397,22.94,1504000,17,34,10,12,42.02,14.66,12,125,2.4,0,416046
2,1,0,126477,22.94,1504000,17,34,10,15,42.02,14.66,12,125,0.4,-2,416577
3,1,0,131304,22.94,1504000,17,34,10,14,42.02,14.66,12,125,0.9,0.6,416897
4,0,0,135099,22.94,1504000,17,34,10,13,42.02,14.66,12,125,2.8,1.8,417041
6,1,0,144244,22.94,1504000,17,34,10,12,42.02,14.66,12,125,1.9,-0.9,417356
14,0,0,151893,22.94,1504000,17,34,10,11,42.02,14.66,12,125,2.2,0.3,417994
10,1,0,158211,22.94,1504000,17,34,10,10,42.02,14.66,12,125,3.4,1.2,418290
8,6,0,161283,22.94,1504000,17,34,10,13,42.02,14.66,12,125,3.8,0.4,418501
28,2,0,166715,22.94,1504000,17,34,10,15,42.02,14.66,12,125,4.9,1.1,419072
19,6,0,170942,22.94,1504000,17,34,10,12,42.02,14.66,12,125,2.9,-2,419731
20,3,0,172669,22.94,1504000,17,34,10,14,42.02,14.66,12,125,8.4,5.5,419969
65,11,0,180287,22.94,1504000,17,34,10,13,42.02,14.66,12,125,5.6,-2.8,421131
61,15,0,186071,22.94,1504000,17,34,10,11,42.02,14.66,12,125,3.1,-2.5,423123
73,16,0,190500,22.94,1504000,17,34,10,12,42.02,14.66,12,125,3.1,0.1,425461
110,9,0,197578,22.94,1504000,17,34,10,14,42.02,14.66,12,125,4,0.9,428202
134,61,0,204542,22.94,1504000,17,34,10,11,42.02,14.66,12,125,4.4,0.4,431231
116,19,0,209180,22.94,1504000,17,34,11,11,42.02,14.66,12,125,3.8,-0.6,434293
61,28,2,210345,22.94,1504000,17,34,12,12,42.02,14.66,12,125,2.6,-1.2,436658
168,25,0,216946,22.94,1504000,17,34,13,12,42.02,14.66,12,125,4.7,2.1,440234
123,28,0,222159,22.94,1504000,17,34,14,13,42.02,14.66,12,125,4,-0.7,443327
165,17,0,227858,22.94,1504000,17,34,15,15,42.02,14.66,12,125,4.4,0.5,447019
194,47,1,234727,22.94,1504000,17,34,12,15,42.02,14.66,12,125,5.5,1.1,450543
163,49,0,241483,22.94,1504000,17,34,10,14,42.02,14.66,12,125,4.8,-0.7,453906
217,56,0,245633,22.94,1504000,17,34,11,14,42.02,14.66,12,125,6.3,1.4,457369
102,83,0,246582,22.94,1504000,17,34,13,12,42.02,14.66,12,125,4.2,-2.1,459804
220,90,0,252285,22.94,1504000,17,34,13,13,42.02,14.66,12,125,5.9,1.7,463551
234,138,0,256520,22.94,1504000,17,34,12,13,42.02,14.66,12,125,6.1,0.2,467378
220,76,0,261355,22.94,1504000,17,34,15,14,42.02,14.66,12,125,6.3,0.2,470855
222,139,0,266969,22.94,1504000,17,34,10,12,42.02,14.66,12,125,6.4,0.1,474314
169,132,1,272190,22.94,1504000,17,34,11,12,42.02,14.66,12,125,5.3,-1.1,477466
244,135,0,276476,22.94,1504000,17,34,11,15,42.02,14.66,12,125,7.7,2.4,480631
245,68,1,1405680,14.1,34293000,397,68,20,23,42.2,18.34,4,205,1.1,0.1,7355468
281,38,3,1454577,14.1,34293000,397,68,21,24,42.2,18.34,4,205,1.1,0,7380587
405,79,2,1486294,14.1,34293000,397,68,21,25,42.2,18.34,4,205,0.6,-0.5,7448662
352,36,1,1498729,14.1,34293000,397,68,21,22,42.2,18.34,4,205,0.5,-0.1,7521991
583,98,0,1531037,14.1,34293000,397,68,23,21,42.2,18.34,4,205,0.6,0.1,7624173
590,52,1,1550113,14.1,34293000,397,68,23,22,42.2,18.34,4,205,1,0.4,7683483
385,106,3,1553903,14.1,34293000,397,68,25,23,42.2,18.34,4,205,1.3,0.3,7713548
499,85,1,1555461,14.1,34293000,397,68,24,25,42.2,18.34,4,205,2.7,1.4,7731871
573,113,4,1564490,14.1,34293000,397,68,24,24,42.2,18.34,4,205,1.8,-1,7764292
876,149,2,1586438,14.1,34293000,397,68,21,21,42.2,18.34,4,205,2,0.3,7807560
639,159,6,1597535,14.1,34293000,397,68,22,23,42.2,18.34,4,205,2.7,0.7,7830860
1367,312,7,1677769,14.1,34293000,397,68,23,24,42.2,18.34,4,205,2.1,-0.7,7896270
1651,279,3,1771560,14.1,34293000,397,68,24,25,42.2,18.34,4,205,2.5,0.4,7963421
1665,297,5,1825312,14.1,34293000,397,68,25,23,42.2,18.34,4,205,2.7,0.2,8025528
1931,398,10,1900839,14.1,34293000,397,68,21,21,42.2,18.34,4,205,2.6,-0.1,8098956
2384,348,12,1961751,14.1,34293000,397,68,22,20,42.2,18.34,4,205,3.3,0.7,8171361
2236,619,14,2006178,14.1,34293000,397,68,23,20,42.2,18.34,4,205,3.2,-0.1,8240455
1844,558,14,2020742,14.1,34293000,397,68,24,20,42.2,18.34,4,205,5.5,2.2,8274129
3137,828,15,2105788,14.1,34293000,397,68,23,22,42.2,18.34,4,205,4.3,-1.2,8347310
3132,955,18,2193900,14.1,34293000,397,68,25,22,42.2,18.34,4,205,5,0.7,8409938
3045,1098,22,2244119,14.1,34293000,397,68,24,25,42.2,18.34,4,205,5.5,0.5,8465418
3079,1797,26,2351160,14.1,34293000,397,68,21,25,42.2,18.34,4,205,4.6,-0.9,8532696
3197,2449,26,2484613,14.1,34293000,397,68,22,24,42.2,18.34,4,205,4.4,-0.2,8604935
3453,2229,23,2573549,14.1,34293000,397,68,23,21,42.2,18.34,4,205,6.4,2,8658937
2385,2831,30,2590276,14.1,34293000,397,68,23,23,42.2,18.34,4,205,10,3.6,8682755
4489,2534,29,2673320,14.1,34293000,397,68,22,23,42.2,18.34,4,205,8,-2,8738694
4475,2851,41,2746508,14.1,34293000,397,68,21,24,42.2,18.34,4,205,8.1,0.1,8793697
4826,2916,55,2779689,14.1,34293000,397,68,25,22,42.2,18.34,4,205,9.3,1.1,8845771
4936,2976,46,2827561,14.1,34293000,397,68,22,25,42.2,18.34,4,205,8,-1.2,8907148
5626,3262,47,2909540,14.1,34293000,397,68,24,21,42.2,18.34,4,205,8.2,0.2,8975466
5756,3053,50,2990895,14.1,34293000,397,68,24,20,42.2,18.34,4,205,8.8,0.6,9040606
1911,328,4,4167453,11.3,119520000,1102,110,171,156,36.09,17.38,8,950,2.1,0.3,24285079
2174,318,3,4233789,11.3,119520000,1102,110,171,107,36.09,17.38,8,950,2.4,0.3,24375830
3469,822,6,4494404,11.3,119520000,1102,110,171,156,36.09,17.38,8,950,3.6,1.3,24470942
3756,1053,6,4748226,11.3,119520000,1102,110,171,119,36.09,17.38,8,950,3.8,0.1,24569965
2999,636,6,4954731,11.3,119520000,1102,110,171,107,36.09,17.38,8,950,3.7,0,24649983
4157,1047,14,5050288,11.3,119520000,1102,110,171,156,36.09,17.38,8,950,4.4,0.7,24743506
4786,1189,21,5227880,11.3,119520000,1102,110,171,119,36.09,17.38,8,950,4.8,0.3,24843640
6133,755,24,5356134,11.3,119520000,1102,110,171,107,36.09,17.38,8,950,6.1,1.3,24944876
6253,1853,13,5428037,11.3,119520000,1102,110,171,107,36.09,17.38,8,950,6.2,0.2,25045280
7870,1804,34,5579469,11.3,119520000,1102,110,171,107,36.09,17.38,8,950,7.8,1.6,25145835
8690,3460,27,5687553,11.3,119520000,1102,110,171,156,36.09,17.38,8,950,8.6,0.8,25246439
7487,2619,41,5838127,11.3,119520000,1102,110,171,156,36.09,17.38,8,950,9,0.3,25329800
10455,3577,51,5965675,11.3,119520000,1102,110,171,156,36.09,17.38,8,950,9.8,0.9,25435956
12222,4774,56,6057811,11.3,119520000,1102,110,171,119,36.09,17.38,8,950,11.5,1.7,25541936
11489,5308,59,6171493,11.3,119520000,1102,110,171,119,36.09,17.38,8,950,11.4,-0.2,25642999
12672,6067,54,6271746,11.3,119520000,1102,110,171,119,36.09,17.38,8,950,11.7,0.3,25751146
12359,6741,77,6362286,11.3,119520000,1102,110,171,107,36.09,17.38,8,950,12.2,0.5,25852574
12795,7533,68,6437482,11.3,119520000,1102,110,171,107,36.09,17.38,8,950,12.7,0.5,25953065
11801,9228,67,6558814,11.3,119520000,1102,110,171,156,36.09,17.38,8,950,14.7,1.9,26033526
12604,7904,85,6662906,11.3,119520000,1102,110,171,156,36.09,17.38,8,950,12.6,-2.1,26133854
13374,8818,84,6762510,11.3,119520000,1102,110,171,156,36.09,17.38,8,950,12.9,0.3,26237749
13089,10926,89,6870911,11.3,119520000,1102,110,171,156,36.09,17.38,8,950,13.4,0.5,26335721
15853,11194,80,6968234,11.3,119520000,1102,110,171,119,36.09,17.38,8,950,16.1,2.8,26433890
13789,10905,82,7048944,11.3,119520000,1102,110,171,119,36.09,17.38,8,950,14.4,-1.7,26529576
13534,11694,97,7111275,11.3,119520000,1102,110,171,107,36.09,17.38,8,950,15.1,0.7,26618969
11407,13603,82,7217903,11.3,119520000,1102,110,171,109,36.09,17.38,8,950,15.7,0.6,26691627
14794,11926,105,7328118,11.3,119520000,1102,110,171,156,36.09,17.38,8,950,15.6,-0.1,26786518
14836,11726,61,7430164,11.3,119520000,1102,110,171,107,36.09,17.38,8,950,15.6,0,26881766
15126,13364,90,7538326,11.3,119520000,1102,110,171,109,36.09,17.38,8,950,14.4,-1.2,26986790
13466,13489,62,7617232,11.3,119520000,1102,110,171,119,36.09,17.38,8,950,12.6,-1.8,27093943
12948,14962,76,7687374,11.3,119520000,1102,110,171,107,36.09,17.38,8,950,12,-0.6,27201953
324,329,1,105815,97.2,1179000,9262,100,10,20,48.28,19.83,2,80,12.8,0,331288
422,320,4,110149,97.2,1179000,9262,100,11,20,48.28,19.83,2,80,12.9,0.1,334548
398,343,3,115008,97.2,1179000,9262,100,15,20,48.28,19.83,2,80,12.8,-0.1,337663
402,357,3,118155,97.2,1179000,9262,100,13,20,48.28,19.83,2,80,12.6,-0.2,340849
424,375,1,122941,97.2,1179000,9262,100,12,20,48.28,19.83,2,80,13.5,0.9,343981
397,381,1,126849,97.2,1179000,9262,100,14,20,48.28,19.83,2,80,14.3,0.7,346766
421,417,3,130380,97.2,1179000,9262,100,15,20,48.28,19.83,2,80,13.6,-0.6,349851
412,409,3,134563,97.2,1179000,9262,100,12,20,48.28,19.83,2,80,13.9,0.3,352815
481,428,1,139146,97.2,1179000,9262,100,14,20,48.28,19.83,2,80,15.9,2,355840
431,438,2,143254,97.2,1179000,9262,100,13,20,48.28,19.83,2,80,14.3,-1.6,358856
625,411,3,145600,97.2,1179000,9262,100,12,20,48.28,19.83,2,80,17.6,3.3,362406
612,429,4,149987,97.2,1179000,9262,100,11,20,48.28,19.83,2,80,20.4,2.8,365412
602,443,4,154584,97.2,1179000,9262,100,14,20,48.28,19.83,2,80,19.9,-0.5,368438
622,454,2,158565,97.2,1179000,9262,100,15,20,48.28,19.83,2,80,20.9,1,371408
634,482,4,163872,97.2,1179000,9262,100,11,20,48.28,19.83,2,80,21.2,0.3,374392
828,476,3,169438,97.2,1179000,9262,100,15,20,48.28,19.83,2,80,20.4,-0.9,378454
711,428,3,174721,97.2,1179000,9262,100,17,20,48.28,19.83,2,80,19.4,-1,382125
749,413,2,178655,97.2,1179000,9262,100,19,20,48.28,19.83,2,80,19.7,0.3,385925
821,477,5,184251,97.2,1179000,9262,100,18,20,48.28,19.83,2,80,21,1.3,389827
837,426,6,190041,97.2,1179000,9262,100,19,20,48.28,19.83,2,80,19.9,-1.1,394029
772,435,11,196055,97.2,1179000,9262,100,20,20,48.28,19.83,2,80,21.7,1.8,397590
801,447,8,201905,97.2,1179000,9262,100,17,20,48.28,19.83,2,80,21,-0.7,401411
724,457,13,208489,97.2,1179000,9262,100,14,20,48.28,19.83,2,80,22.6,1.6,404615
799,472,11,213274,97.2,1179000,9262,100,16,20,48.28,19.83,2,80,20.6,-2,408487
860,483,7,215893,97.2,1179000,9262,100,17,20,48.28,19.83,2,80,21.4,0.8,412497
890,528,11,220155,97.2,1179000,9262,100,14,20,48.28,19.83,2,80,22.8,1.3,416408
780,542,11,224778,97.2,1179000,9262,100,12,20,48.28,19.83,2,80,24.4,1.7,419601
817,610,14,229618,97.2,1179000,9262,100,16,20,48.28,19.83,2,80,22,-2.4,423313
759,693,9,235770,97.2,1179000,9262,100,15,20,48.28,19.83,2,80,26,4,426227
890,797,8,241338,97.2,1179000,9262,100,13,20,48.28,19.83,2,80,22.8,-3.2,430125
870,861,9,247629,97.2,1179000,9262,100,14,20,48.28,19.83,2,80,22.9,0,433928
10652,1316,94,3708378,85,28724000,2020,85,215,227,41.04,20.04,15,840,21.9,-2.5,6079584
11447,2613,91,3936404,85,28724000,2020,85,215,227,41.04,20.04,15,840,24.5,2.7,6126295
14098,4983,123,4128448,85,28724000,2020,85,215,227,41.04,20.04,15,840,28.1,3.6,6176451
10521,5982,122,4304100,85,28724000,2020,85,215,227,41.04,20.04,15,840,26.2,-1.9,6216629
13576,4865,132,4462959,85,28724000,2020,85,215,227,41.04,20.04,15,840,29.5,3.3,6262626
15121,4682,156,4560518,85,28724000,2020,85,215,227,41.04,20.04,15,840,28.1,-1.4,6316419
14250,4633,120,4634774,85,28724000,2020,85,215,227,41.04,20.04,15,840,30.6,2.5,6362947
15256,11988,135,4680586,85,28724000,2020,85,215,227,41.04,20.04,15,840,28.5,-2.1,6416401
14912,12240,138,4750060,85,28724000,2020,85,215,227,41.04,20.04,15,840,30.1,1.5,6465985
16083,9828,158,4870577,85,28724000,2020,85,215,227,41.04,20.04,15,840,29.8,-0.2,6519901
12345,14556,170,4957157,85,28724000,2020,85,215,227,41.04,20.04,15,840,28.9,-0.9,6562553
13834,12678,175,5043710,85,28724000,2020,85,215,227,41.04,20.04,15,840,28.4,-0.5,6611226
15625,18746,191,5102952,85,28724000,2020,85,215,227,41.04,20.04,15,840,30.8,2.4,6661925
14519,17263,193,5146710,85,28724000,2020,85,215,227,41.04,20.04,15,840,31.7,0.9,6707690
16750,17739,207,5213264,85,28724000,2020,85,215,227,41.04,20.04,15,840,30.5,-1.3,6762690
17397,15254,219,5273022,85,28724000,2020,85,215,227,41.04,20.04,15,840,30.4,0,6819875
16731,17029,218,5324444,85,28724000,2020,85,215,227,41.04,20.04,15,840,29.2,-1.2,6877100
12666,11595,199,5362447,85,28724000,2020,85,215,227,41.04,20.04,15,840,30.8,1.5,6918250
15084,17341,226,5406347,85,28724000,2020,85,215,227,41.04,20.04,15,840,27.8,-3,6972500
14893,16931,246,5438705,85,28724000,2020,85,215,227,41.04,20.04,15,840,27.5,-0.3,7026656
15563,15506,279,5469712,85,28724000,2020,85,215,227,41.04,20.04,15,840,26.2,-1.3,7086058
15804,16489,251,5507583,85,28724000,2020,85,215,227,41.04,20.04,15,840,25.9,-0.3,7147064
14994,13677,269,5571099,85,28724000,2020,85,215,227,41.04,20.04,15,840,25.2,-0.7,7206500
15902,13532,229,5622933,85,28724000,2020,85,215,227,41.04,20.04,15,840,26.1,0.9,7267363
11825,12358,199,5647085,85,28724000,2020,85,215,227,41.04,20.04,15,840,28.1,2,7309395
15274,14398,266,5679195,85,28724000,2020,85,215,227,41.04,20.04,15,840,26.1,-2,7367888
15785,12093,210,5705613,85,28724000,2020,85,215,227,41.04,20.04,15,840,27.7,1.6,7424922
15157,10152,253,5732278,85,28724000,2020,85,215,227,41.04,20.04,15,840,25.3,-2.4,7484779
13846,11600,212,5766859,85,28724000,2020,85,215,227,41.04,20.04,15,840,22.6,-2.8,7546123
13628,13624,208,5791448,85,28724000,2020,85,215,227,41.04,20.04,15,840,22,-0.6,7608062
12239,12198,223,5814814,85,28724000,2020,85,215,227,41.04,20.04,15,840,19.8,-2.2,7669976
30,12,0,60292,75.2,959000,2891,0,3,5,49.25,12.84,2,20,,,56174
32,18,0,64160,75.2,959000,2891,0,4,5,49.25,12.84,2,20,,,56476
103,15,0,67908,75.2,959000,2891,0,3,3,49.25,12.84,2,20,,,56839
76,20,0,70523,75.2,959000,2891,0,5,3,49.25,12.84,2,20,,,57220
111,19,0,74111,75.2,959000,2891,0,5,4,49.25,12.84,2,20,,,57587
98,21,0,76065,75.2,959000,2891,0,5,4,49.25,12.84,2,20,,,57888
104,29,0,77860,75.2,959000,2891,0,4,5,49.25,12.84,2,20,,,58336
103,14,2,79439,75.2,959000,2891,0,4,4,49.25,12.84,2,20,,,58530
138,25,0,81476,75.2,959000,2891,0,3,4,49.25,12.84,2,20,,,59154
108,25,0,83143,75.2,959000,2891,0,3,3,49.25,12.84,2,20,,,59530
184,50,0,83679,75.2,959000,2891,0,3,5,49.25,12.84,2,20,,,59771
121,78,0,84945,75.2,959000,2891,0,5,3,49.25,12.84,2,20,,,60237
291,75,0,86395,75.2,959000,2891,0,3,4,49.25,12.84,2,20,,,60738
251,101,0,87079,75.2,959000,2891,0,4,4,49.25,12.84,2,20,,,61270
359,94,0,88091,75.2,959000,2891,0,5,5,49.25,12.84,2,20,,,61482
236,109,0,89186,75.2,959000,2891,0,3,3,49.25,12.84,2,20,,,62055
251,118,0,90101,75.2,959000,2891,0,4,4,49.25,12.84,2,20,,,63047
208,106,0,90450,75.2,959000,2891,0,5,5,49.25,12.84,2,20,,,63512
138,123,0,91408,75.2,959000,2891,0,5,3,49.25,12.84,2,20,,,64336
217,190,0,92300,75.2,959000,2891,0,5,4,49.25,12.84,2,20,,,64691
186,221,0,93189,75.2,959000,2891,0,4,2,49.25,12.84,2,20,,,65134
216,138,0,94148,75.2,959000,2891,0,4,5,49.25,12.84,2,20,,,65539
192,325,0,95496,75.2,959000,2891,0,3,4,49.25,12.84,2,20,,,65953
212,280,0,96404,75.2,959000,2891,0,3,2,49.25,12.84,2,20,,,66337
161,260,0,96619,75.2,959000,2891,0,4,5,49.25,12.84,2,20,,,66566
119,226,0,97424,75.2,959000,2891,0,4,3,49.25,12.84,2,20,,,67029
192,229,0,98230,75.2,959000,2891,0,4,3,49.25,12.84,2,20,,,67272
170,228,0,99132,75.2,959000,2891,0,4,4,49.25,12.84,2,20,,,67666
163,136,0,100282,75.2,959000,2891,0,4,2,49.25,12.84,2,20,,,68056
121,210,0,101792,75.2,959000,2891,0,5,3,49.25,12.84,2,20,,,68466
137,172,0,102834,75.2,959000,2891,0,4,5,49.25,12.84,2,20,,,68831
7437,3687,24,1897553,97.5,19814000,11312,150,730,430,46.71,19.27,5,600,8.1,2,15257183
8521,5032,39,1956793,97.5,19814000,11312,150,750,450,46.71,19.27,5,600,7.8,-0.3,15366581
7897,5716,39,2062711,97.5,19814000,11312,150,800,480,46.71,19.27,5,600,10.2,2.4,15443955
10774,5158,48,2145740,97.5,19814000,11312,150,850,490,46.71,19.27,5,600,9.4,-0.8,15558243
11491,7665,72,2235927,97.5,19814000,11312,150,976,470,46.71,19.27,5,600,12.4,3,15650640
13468,7972,81,2304986,97.5,19814000,11312,150,850,500,46.71,19.27,5,600,13.1,0.7,15753100
17282,9952,104,2377014,97.5,19814000,11312,150,800,550,46.71,19.27,5,600,15.6,2.8,15861634
16699,13014,112,2454965,97.5,19814000,11312,150,730,550,46.71,19.27,5,600,20.2,4.3,15944203
19486,12649,141,2504094,97.5,19814000,11312,150,750,550,46.71,19.27,5,600,19.7,-0.5,16043160
24375,15414,167,2572717,97.5,19814000,11312,150,730,562,46.71,19.27,5,600,24.6,4.9,16142390
25462,20159,161,2621295,97.5,19814000,11312,150,800,584,46.71,19.27,5,600,29.7,5.2,16228010
23686,21500,240,2682165,97.5,19814000,11312,150,800,450,46.71,19.27,5,600,26.1,-3.6,16318706
28395,19430,277,2732522,97.5,19814000,11312,150,850,400,46.71,19.27,5,600,32.8,6.7,16405232
24638,24600,249,2787132,97.5,19814000,11312,150,730,430,46.71,19.27,5,600,31.3,-1.5,16484000
26169,19609,306,2855750,97.5,19814000,11312,150,725,440,46.71,19.27,5,600,36.2,5,16556208
24331,23572,348,2892000,97.5,19814000,11312,150,750,442,46.71,19.27,5,600,32.4,-3.8,16631245
24103,22695,357,2962253,97.5,19814000,11312,150,735,446,46.71,19.27,5,600,32.3,-0.2,16705947
22933,21071,350,3003495,97.5,19814000,11312,150,750,490,46.71,19.27,5,600,30,-2,16781859
20201,22055,380,3061554,97.5,19814000,11312,150,800,500,46.71,19.27,5,600,35,5,16839549
24149,17862,381,3114865,97.5,19814000,11312,150,850,591,46.71,19.27,5,600,32.7,-2.3,16913360
25986,24130,368,3147918,97.5,19814000,11312,150,950,571,46.71,19.27,5,600,31.8,-1,16995189
24235,25615,395,3224939,97.5,19814000,11312,150,954,520,46.71,19.27,5,600,32.8,1.1,17069040
27047,25288,375,3272128,97.5,19814000,11312,150,985,521,46.71,19.27,5,600,32.7,-0.1,17151785
25219,27421,412,3328646,97.5,19814000,11312,150,976,522,46.71,19.27,5,600,31.6,-1.1,17231565
20394,24444,407,3324922,97.5,19814000,11312,150,850,534,46.71,19.27,5,600,28.3,-3.3,17303562
18043,20293,448,3414208,97.5,19814000,11312,150,853,568,46.71,19.27,5,600,29.6,1.2,17364607
19953,18788,338,3504708,97.5,19814000,11312,150,851,540,46.71,19.27,5,600,26.7,-2.8,17439261
20960,19209,311,3572311,97.5,19814000,11312,150,820,550,46.71,19.27,5,600,26.4,-0.4,17518752
19133,20028,335,3687783,97.5,19814000,11312,150,820,560,46.71,19.27,5,600,24.3,-2.1,17597532
19832,19085,341,3768047,97.5,19814000,11312,150,740,570,46.71,19.27,5,600,24.9,0.6,17677125
17364,20160,332,3897189,97.5,19814000,11312,150,950,580,46.71,19.27,5,600,23.3,-1.6,17751509
582,107,2,155376,62.2,1540000,394,30,11,11,45.38,27.45,2,150,18.2,-1.8,564111
428,159,3,162064,62.2,1540000,394,30,11,11,45.38,27.45,2,150,15.5,-2.7,566872
540,167,1,171132,62.2,1540000,394,30,11,11,45.38,27.45,2,150,18.2,2.7,569832
525,170,2,178390,62.2,1540000,394,30,11,11,45.38,27.45,2,150,21,3.7,572337
476,231,2,188088,62.2,1540000,394,30,11,11,45.38,27.45,2,150,20.9,-0.1,574614
562,236,3,192556,62.2,1540000,394,30,11,11,45.38,27.45,2,150,22.4,1.5,577121
473,245,4,203223,62.2,1540000,394,30,11,11,45.38,27.45,2,150,21.2,-1.3,579357
757,182,5,213142,62.2,1540000,394,30,11,11,45.38,27.45,2,150,27.9,6.8,582068
927,282,6,224984,62.2,1540000,394,30,11,11,45.38,27.45,2,150,29.1,1.1,585257
762,436,4,237156,62.2,1540000,394,30,11,11,45.38,27.45,2,150,21.8,-7.3,588751
951,531,11,244577,62.2,1540000,394,30,11,11,45.38,27.45,2,150,29.2,7.4,592007
940,428,17,253784,62.2,1540000,394,30,11,11,45.38,27.45,2,150,34.5,5.3,594733
1160,440,26,264363,62.2,1540000,394,30,11,11,45.38,27.45,2,150,32.2,-2.2,598330
1502,426,17,272843,62.2,1540000,394,30,11,11,45.38,27.45,2,150,36.7,4.5,602419
1410,461,21,281429,62.2,1540000,394,30,11,11,45.38,27.45,2,150,36.1,-0.6,606325
1420,596,12,289687,62.2,1540000,394,30,11,11,45.38,27.45,2,150,47.2,11.1,609332
1540,485,17,299238,62.2,1540000,394,30,11,11,45.38,27.45,2,150,34,-13.3,613865
2293,658,24,304009,62.2,1540000,394,30,11,11,45.38,27.45,2,150,38.6,4.6,619811
2321,712,38,313027,62.2,1540000,394,30,11,11,45.38,27.45,2,150,34.3,-4.3,626583
2110,748,31,323227,62.2,1540000,394,30,11,11,45.38,27.45,2,150,38,3.8,632131
3101,839,24,331731,62.2,1540000,394,30,11,11,45.38,27.45,2,150,38.7,0.6,640149
3019,914,36,340743,62.2,1540000,394,30,11,11,45.38,27.45,2,150,51.1,12.4,646059
3024,955,22,349718,62.2,1540000,394,30,11,11,45.38,27.45,2,150,44.8,-6.3,652816
2303,1310,54,355730,62.2,1540000,394,30,11,11,45.38,27.45,2,150,39.1,-5.7,658713
2030,1255,52,358279,62.2,1540000,394,30,11,11,45.38,27.45,2,150,42.3,3.3,663507
2703,1425,46,363309,62.2,1540000,394,30,11,11,45.38,27.45,2,150,45,2.6,669520
2814,1870,52,368247,62.2,1540000,394,30,11,11,45.38,27.45,2,150,42.9,-2,676072
3496,2192,71,373028,62.2,1540000,394,30,11,11,45.38,27.45,2,150,51.6,8.7,682841
3869,2023,58,379322,62.2,1540000,394,30,11,11,45.38,27.45,2,150,51.1,-0.5,690359
4195,2175,56,385701,62.2,1540000,394,30,11,11,45.38,27.45,2,150,51.3,-0.1,698529
3751,3025,55,391445,62.2,1540000,394,30,11,11,45.38,27.45,2,150,46.2,-5.1,706644
4021,2197,35,8475305,42.6,67936000,308,488,1000,975,42.99,21.26,64,3258,3,0.1,14433123
4541,2280,42,8774240,42.6,67936000,308,488,1000,975,42.99,21.26,64,3258,3.4,0.4,14567455
5011,2525,49,9056842,42.6,67936000,308,488,1000,975,42.99,21.26,64,3258,3.4,0,14716579
5469,2976,54,9260284,42.6,67936000,308,488,1000,975,42.99,21.26,64,3258,3.8,0.4,14861756
6021,2854,55,9498866,42.6,67936000,308,488,1000,975,42.99,21.26,64,3258,4.2,0.4,15005034
6690,2748,67,9705299,42.6,67936000,308,488,1000,975,42.99,21.26,64,3258,4.5,0.3,15154363
7410,2642,73,9867541,42.6,67936000,308,488,1000,975,42.99,21.26,64,3258,4.8,0.4,15307435
8152,3023,81,10028842,42.6,67936000,308,488,1000,975,42.99,21.26,64,3258,5.1,0.3,15466550
8920,3387,94,10165603,42.6,67936000,308,488,1000,975,42.99,21.26,64,3258,5.5,0.4,15627525
9541,3783,97,10337448,42.6,67936000,308,488,1000,975,42.99,21.26,64,3258,5.5,0,15801091
10340,3981,110,10451246,42.6,67936000,308,488,1000,975,42.99,21.26,64,3258,6.2,0.7,15966802
11403,4179,117,10620832,42.6,67936000,308,488,1000,975,42.99,21.26,64,3258,7.2,1,16125282
12206,4339,121,10807438,42.6,67936000,308,488,1000,975,42.99,21.26,64,3258,7,-0.2,16298864
12553,4802,125,10938424,42.6,67936000,308,488,1000,975,42.99,21.26,64,3258,6.9,-0.1,16480875
13105,5010,137,11099586,42.6,67936000,308,488,1000,975,42.99,21.26,64,3258,6.9,0,16670240
13804,5618,142,11266494,42.6,67936000,308,488,1000,975,42.99,21.26,64,3258,7.3,0.3,16860142
14097,6479,152,11436779,42.6,67936000,308,488,1000,975,42.99,21.26,64,3258,7.6,0.3,17045176
14296,6727,157,11538363,42.6,67936000,308,488,1000,975,42.99,21.26,64,3258,8.5,0.9,17213348
14340,7727,158,11721269,42.6,67936000,308,488,1000,975,42.99,21.26,64,3258,9,0.5,17372504
14352,7803,170,11901842,42.6,67936000,308,488,1000,975,42.99,21.26,64,3258,8.8,-0.2,17535696
14120,8595,174,12054863,42.6,67936000,308,488,1000,975,42.99,21.26,64,3258,8.1,-0.7,17709605
14327,9544,180,12252678,42.6,67936000,308,488,1000,975,42.99,21.26,64,3258,8.5,0.3,17878957
14605,10180,173,12458508,42.6,67936000,308,488,1000,975,42.99,21.26,64,3258,9.1,0.6,18039956
13847,10582,172,12749030,42.6,67936000,308,488,1000,975,42.99,21.26,64,3258,9.2,0.1,18190727
12978,11146,153,12802651,42.6,67936000,308,488,1000,975,42.99,21.26,64,3258,9.4,0.2,18328441
12820,11999,140,12950608,42.6,67936000,308,488,1000,975,42.99,21.26,64,3258,9.7,0.3,18460323
13050,12121,131,13070486,42.6,67936000,308,488,1000,975,42.99,21.26,64,3258,9.3,-0.5,18601098
12955,12995,133,13231478,42.6,67936000,308,488,1000,975,42.99,21.26,64,3258,8.9,-0.3,18746283
12545,13021,123,13420247,42.6,67936000,308,488,1000,975,42.99,21.26,64,3258,9.1,0.1,18884876
12064,13085,119,13606684,42.6,67936000,308,488,1000,975,42.99,21.26,64,3258,8.7,-0.4,19023924
11892,14737,119,13786185,42.6,67936000,308,488,1000,975,42.99,21.26,64,3258,8.8,0.1,19158868
2872,969,11,2119853,40,28672000,573,40,180,162,42.81,20.33,11,745,8.7,1.5,6487798
2994,1970,11,2212582,40,28672000,573,40,180,162,42.81,20.33,11,745,8.3,-0.4,6524024
2937,1615,11,2283954,40,28672000,573,40,180,162,42.81,20.33,11,745,8.6,0.3,6558260
3440,1896,16,2382673,40,28672000,573,40,180,162,42.81,20.33,11,745,9.9,1.3,6593116
3818,2298,14,2526694,40,28672000,573,40,180,162,42.81,20.33,11,745,15.3,5.4,6618104
3845,2109,16,2658779,40,28672000,573,40,180,162,42.81,20.33,11,745,11,-4.2,6652932
5398,2166,18,2805840,40,28672000,573,40,180,162,42.81,20.33,11,745,13.7,2.6,6692475
5858,2743,18,2875265,40,28672000,573,40,180,162,42.81,20.33,11,745,18.6,4.9,6723968
6277,2958,20,2957810,40,28672000,573,40,180,162,42.81,20.33,11,745,15.1,-3.5,6765626
7717,2944,32,3022952,40,28672000,573,40,180,162,42.81,20.33,11,745,17.5,2.5,6809613
7177,3489,29,3066316,40,28672000,573,40,180,162,42.81,20.33,11,745,16.4,-1.2,6853496
6842,3663,33,3163013,40,28672000,573,40,180,162,42.81,20.33,11,745,21.2,4.8,6885774
7811,3367,35,3242458,40,28672000,573,40,180,162,42.81,20.33,11,745,16.7,-4.5,6932530
9623,3928,45,3287861,40,28672000,573,40,180,162,42.81,20.33,11,745,21,4.3,6978356
9742,6512,55,3345415,40,28672000,573,40,180,162,42.81,20.33,11,745,23.9,2.9,7019043
11854,6334,60,3430557,40,28672000,573,40,180,162,42.81,20.33,11,745,24.1,0.2,7068195
10491,5104,60,3503456,40,28672000,573,40,180,162,42.81,20.33,11,745,21.4,-2.7,7117264
10985,6057,64,3539926,40,28672000,573,40,180,162,42.81,20.33,11,745,23.4,2,7164253
11504,6211,75,3595088,40,28672000,573,40,180,162,42.81,20.33,11,745,32.4,9,7199776
11931,7184,84,3635311,40,28672000,573,40,180,162,42.81,20.33,11,745,25.3,-7.1,7246974
12444,7618,95,3676169,40,28672000,573,40,180,162,42.81,20.33,11,745,25.5,0.3,7295714
13947,9535,97,3723570,40,28672000,573,40,180,162,42.81,20.33,11,745,28.6,3.1,7344419
13833,9348,98,3758515,40,28672000,573,40,180,162,42.81,20.33,11,745,27.6,-1,7394450
13588,8509,125,3779724,40,28672000,573,40,180,162,42.81,20.33,11,745,26.7,-0.9,7445273
13322,10423,145,3796842,40,28672000,573,40,180,162,42.81,20.33,11,745,26.5,-0.2,7495503
12885,13293,140,3854442,40,28672000,573,40,180,162,42.81,20.33,11,745,26.5,0,7544069
15786,11525,153,3924560,40,28672000,573,40,180,162,42.81,20.33,11,745,27,0.5,7602477
15416,10640,181,3984064,40,28672000,573,40,180,162,42.81,20.33,11,745,30,2.9,7653930
14840,12246,177,4086674,40,28672000,573,40,180,162,42.81,20.33,11,745,28.5,-1.5,7706062
13867,13584,162,4189607,40,28672000,573,40,180,162,42.81,20.33,11,745,26.4,-2.1,7758576
14667,14366,155,4266748,40,28672000,573,40,180,162,42.81,20.33,11,745,26.4,0,7814131
621,260,6,841809,10,7300000,123,120,15,15,43.07,24.7,34,710,7.4,-1.5,1309967
662,501,7,891278,10,7300000,123,120,15,15,43.07,24.7,34,710,7.8,0.4,1318463
943,373,12,942832,10,7300000,123,120,15,15,43.07,24.7,34,710,10.9,3.2,1327078
570,506,0,983910,10,7300000,123,120,15,15,43.07,24.7,34,710,11,0.1,1332264
1089,381,9,1051232,10,7300000,123,120,15,15,43.07,24.7,34,710,17.2,6.2,1338611
619,408,11,1111867,10,7300000,123,120,15,15,43.07,24.7,34,710,7.1,-10.1,1347341
925,252,13,1157929,10,7300000,123,120,15,15,43.07,24.7,34,710,12.1,5,1354979
1034,589,11,1192543,10,7300000,123,120,15,15,43.07,24.7,34,710,17.8,5.7,1360794
842,484,9,1241589,10,7300000,123,120,15,15,43.07,24.7,34,710,13.2,-4.6,1367183
1392,656,12,1278089,10,7300000,123,120,15,15,43.07,24.7,34,710,12.8,-0.4,1378090
788,532,10,1289500,10,7300000,123,120,15,15,43.07,24.7,34,710,9.3,-3.5,1386599
1695,593,13,1328663,10,7300000,123,120,15,15,43.07,24.7,34,710,30,2.8,1392242
1340,1078,16,1378686,10,7300000,123,120,15,15,43.07,24.7,34,710,13.8,-16.3,1401986
1692,908,17,1400847,10,7300000,123,120,15,15,43.07,24.7,34,710,18.2,4.5,1411277
1774,689,18,1451370,10,7300000,123,120,15,15,43.07,24.7,34,710,22.1,3.9,1419314
1189,772,26,1497954,10,7300000,123,120,15,15,43.07,24.7,34,710,11.4,-10.6,1429699
2073,877,24,1537524,10,7300000,123,120,15,15,43.07,24.7,34,710,19.7,8.2,1440233
1363,1161,32,1548489,10,7300000,123,120,15,15,43.07,24.7,34,710,19,-0.7,1447397
1692,921,27,1593316,10,7300000,123,120,15,15,43.07,24.7,34,710,18,-1,1456795
2157,1305,24,1644503,10,7300000,123,120,15,15,43.07,24.7,34,710,19.5,1.5,1467876
2539,1552,33,1689860,10,7300000,123,120,15,15,43.07,24.7,34,710,17.5,-1.9,1482357
3040,1241,40,1743167,10,7300000,123,120,15,15,43.07,24.7,34,710,19.9,2.4,1497617
2358,1734,37,1793402,10,7300000,123,120,15,15,43.07,24.7,34,710,19.7,-0.2,1509568
2751,1224,28,1823976,10,7300000,123,120,15,15,43.07,24.7,34,710,23.3,3.6,1521350
2453,1614,44,1828953,10,7300000,123,120,15,15,43.07,24.7,34,710,25.3,2,1531034
2630,1531,43,1870302,10,7300000,123,120,15,15,43.07,24.7,34,710,30.9,5.6,1539545
3824,1992,48,1913334,10,7300000,123,120,15,15,43.07,24.7,34,710,24,-6.9,1555499
3842,1480,32,1945930,10,7300000,123,120,15,15,43.07,24.7,34,710,24.4,0.4,1571240
3942,2046,45,1989691,10,7300000,123,120,15,15,43.07,24.7,34,710,20.6,-3.8,1590372
4177,2376,56,2018702,10,7300000,123,120,15,15,43.07,24.7,34,710,27,6.4,1605831
5424,3013,37,2037743,10,7300000,123,120,15,15,43.07,24.7,34,710,29,1.9,1624556
835,246,1,1177901,27.38,13203000,57,2,12,11,40.97,18.53,2,75,1.9,0,6373912
808,312,4,1240780,27.38,13203000,57,2,12,11,40.97,18.53,2,75,1.9,0,6416947
1005,359,6,1286563,27.38,13203000,57,2,12,11,40.97,18.53,2,75,2.4,0.5,6459007
915,330,5,1322368,27.38,13203000,57,2,12,11,40.97,18.53,2,75,2.1,-0.3,6502828
991,418,0,1390936,27.38,13203000,57,2,12,12,40.97,18.53,2,75,2.9,0.8,6536949
1269,493,3,1420799,27.38,13203000,57,2,13,12,40.97,18.53,2,75,3.4,0.5,6573965
1086,372,5,1452764,27.38,13203000,57,2,13,12,40.97,18.53,2,75,2.9,-0.6,6611924
1141,487,4,1500693,27.38,13203000,57,3,13,12,40.97,18.53,2,75,3.1,0.2,6648718
1144,562,2,1544674,27.38,13203000,57,3,13,13,40.97,18.53,2,75,3.3,0.2,6683730
1145,852,3,1589252,27.38,13203000,57,3,13,13,40.97,18.53,2,75,3.1,-0.1,6720261
1526,963,6,1622150,27.38,13203000,57,3,13,13,40.97,18.53,2,75,3.8,0.7,6760101
1516,813,6,1688397,27.38,13203000,57,3,13,13,40.97,18.53,2,75,4.4,0.6,6794193
2030,716,8,1753277,27.38,13203000,57,3,13,13,40.97,18.53,2,75,5.2,0.7,6833449
2204,733,13,1801471,27.38,13203000,57,3,14,13,40.97,18.53,2,75,5,-0.2,6877256
1965,791,8,1856995,27.38,13203000,57,3,14,14,40.97,18.53,2,75,4.6,-0.4,6919992
1937,1019,19,1925016,27.38,13203000,57,3,14,15,40.97,18.53,2,75,4.7,0.1,6961115
2030,944,15,1997841,27.38,13203000,57,4,15,15,40.97,18.53,2,75,5,0.3,7001906
2381,866,21,2043786,27.38,13203000,57,4,15,15,40.97,18.53,2,75,5.4,0.4,7046228
2135,1067,25,2127064,27.38,13203000,57,4,15,16,40.97,18.53,2,75,6.2,0.8,7080758
3164,1457,25,2187530,27.38,13203000,57,4,18,16,40.97,18.53,2,75,7.1,1,7125036
3023,963,30,2256800,27.38,13203000,57,4,18,18,40.97,18.53,2,75,6.4,-0.8,7172458
3474,1617,26,2311437,27.38,13203000,57,4,18,18,40.97,18.53,2,75,6.9,0.6,7222471
3532,1287,30,2348263,27.38,13203000,57,4,19,18,40.97,18.53,2,75,7.7,0.7,7268521
3832,1801,47,2378556,27.38,13203000,57,5,19,19,40.97,18.53,2,75,8.6,1,7312926
3571,1453,40,2415454,27.38,13203000,57,5,20,20,40.97,18.53,2,75,10,1.4,7348647
3733,1536,51,2464052,27.38,13203000,57,5,20,20,40.97,18.53,2,75,11.8,1.8,7380302
4650,1878,37,2497828,27.38,13203000,57,5,20,20,40.97,18.53,2,75,12.3,0.5,7418169
4716,2338,52,2550299,27.38,13203000,57,5,21,20,40.97,18.53,2,75,11.1,-1.1,7460537
4926,2836,52,2596453,27.38,13203000,57,5,21,20,40.97,18.53,2,75,10.4,-0.7,7507938
5443,2752,50,2652507,27.38,13203000,57,5,21,21,40.97,18.53,2,75,10.9,0.6,7557656
4788,2500,60,2692880,27.38,13203000,57,5,21,21,40.97,18.53,2,75,10.2,-0.7,7604448
1882,498,7,2135148,43.4,37403000,414,434,16,14,38.74,18.38,5,350,6.3,0.4,6049068
1925,553,17,2162629,43.4,37403000,414,434,17,18,38.74,18.38,5,350,7.5,1.2,6074786
2373,667,17,2261611,43.4,37403000,414,434,18,19,38.74,18.38,5,350,8.2,0.7,6103660
2296,635,21,2360166,43.4,37403000,414,434,15,15,38.74,18.38,5,350,5.8,-2.4,6142991
2366,937,19,2429885,43.4,37403000,414,434,15,16,38.74,18.38,5,350,6.4,0.6,6180019
2844,1003,29,2506678,43.4,37403000,414,434,14,12,38.74,18.38,5,350,7.8,1.4,6216693
3198,1798,31,2596645,43.4,37403000,414,434,19,15,38.74,18.38,5,350,8.5,0.8,6254279
3480,1325,28,2641246,43.4,37403000,414,434,20,17,38.74,18.38,5,350,9.1,0.6,6292389
3843,1393,56,2682040,43.4,37403000,414,434,20,20,38.74,18.38,5,350,10.9,1.8,6327654
3838,1234,30,2734217,43.4,37403000,414,434,20,16,38.74,18.38,5,350,9.4,-0.5,6368644
3992,1551,50,2775433,43.4,37403000,414,434,15,14,38.74,18.38,5,350,9.5,0.2,6410544
4290,1777,46,2807893,43.4,37403000,414,434,16,18,38.74,18.38,5,350,11.3,1.7,6448625
5080,2334,45,2849025,43.4,37403000,414,434,17,17,38.74,18.38,5,350,15,3.7,6482575
5041,2331,62,2877574,43.4,37403000,414,434,18,16,38.74,18.38,5,350,11.7,-3.3,6525814
7595,2373,106,2902019,43.4,37403000,414,434,15,16,38.74,18.38,5,350,10.3,-1.4,6599651
5741,3205,63,2935512,43.4,37403000,414,434,14,13,38.74,18.38,5,350,13.5,3.2,6642174
5152,2865,110,2965175,43.4,37403000,414,434,16,12,38.74,18.38,5,350,14.3,0.8,6678083
5903,3287,103,2977859,43.4,37403000,414,434,17,15,38.74,18.38,5,350,19.5,5.1,6708382
5541,4018,124,3005467,43.4,37403000,414,434,18,20,38.74,18.38,5,350,15.4,-4,6744277
6126,4247,131,3029162,43.4,37403000,414,434,19,17,38.74,18.38,5,350,18.5,3.1,6777383
8075,4362,149,3053169,43.4,37403000,414,434,20,19,38.74,18.38,5,350,11.4,-7.1,6848140
5961,4755,145,3083133,43.4,37403000,414,434,21,16,38.74,18.38,5,350,16.4,5,6884431
5961,4002,120,3114124,43.4,37403000,414,434,15,18,38.74,18.38,5,350,16.2,-0.2,6921267
6323,5433,169,3139573,43.4,37403000,414,434,16,17,38.74,18.38,5,350,20.2,4,6952562
4738,4541,115,3146822,43.4,37403000,414,434,17,14,38.74,18.38,5,350,18.6,-1.4,6977983
6899,5614,129,3164312,43.4,37403000,414,434,18,13,38.74,18.38,5,350,13.4,-5.2,7029510
5974,5811,132,3182602,43.4,37403000,414,434,20,12,38.74,18.38,5,350,16.5,3.1,7065719
5770,5804,141,3205030,43.4,37403000,414,434,15,16,38.74,18.38,5,350,16.3,-0.2,7101205
6974,5739,133,3224368,43.4,37403000,414,434,16,14,38.74,18.38,5,350,7.6,-8.7,7192969
5973,5293,136,3245635,43.4,37403000,414,434,18,16,38.74,18.38,5,350,12.5,4.9,7240878
6112,5953,141,3269710,43.4,37403000,414,434,19,18,38.74,18.38,5,350,13.4,0.9,7286536
6570,2393,36,5463774,27.5,65798000,319,275,300,300,44.18,23.17,213,10195,6,0.5,22323599
7955,3220,46,5789180,27.5,65798000,319,275,300,300,44.18,23.17,213,10195,5.9,-0.2,22458762
6955,3350,36,6067099,27.5,65798000,319,275,300,300,44.18,23.17,213,10195,7,1.2,22557552
10250,2638,40,6209024,27.5,65798000,319,275,300,300,44.18,23.17,213,10195,7.7,0.7,22690258
9579,2767,52,6407325,27.5,65798000,319,275,300,300,44.18,23.17,213,10195,8.2,0.5,22806423
8778,6079,67,6446477,27.5,65798000,319,275,300,300,44.18,23.17,213,10195,7.2,-1,22928322
11265,4364,38,6550424,27.5,65798000,319,275,300,300,44.18,23.17,213,10195,9.9,2.7,23041564
14738,3591,66,6705031,27.5,65798000,319,275,300,300,44.18,23.17,213,10195,11.4,1.4,23170964
14859,4027,78,6910399,27.5,65798000,319,275,300,300,44.18,23.17,213,10195,11.1,-0.3,23304701
17489,5564,80,7192628,27.5,65798000,319,275,300,300,44.18,23.17,213,10195,12.2,1.1,23448009
19067,4603,81,7296771,27.5,65798000,319,275,300,300,44.18,23.17,213,10195,13.1,0.9,23593654
15785,7098,146,7543325,27.5,65798000,319,275,300,300,44.18,23.17,213,10195,12.8,-0.3,23716866
21794,4571,149,7768994,27.5,65798000,319,275,300,300,44.18,23.17,213,10195,14.8,2,23864354
23558,6412,116,7958245,27.5,65798000,319,275,300,300,44.18,23.17,213,10195,15.5,0.7,24016635
25795,5624,123,8191052,27.5,65798000,319,275,300,300,44.18,23.17,213,10195,15.9,0.4,24179169
26962,8697,190,8446922,27.5,65798000,319,275,300,300,44.18,23.17,213,10195,15.2,-0.7,24356635
29438,9058,208,8592858,27.5,65798000,319,275,300,300,44.18,23.17,213,10195,15.5,0.3,24546248
34804,6982,143,8673594,27.5,65798000,319,275,300,300,44.18,23.17,213,10195,19.7,4.2,24722862
29744,10663,201,8892708,27.5,65798000,319,275,300,300,44.18,23.17,213,10195,17.9,-1.8,24889269
31830,10793,180,9088473,27.5,65798000,319,275,300,300,44.18,23.17,213,10195,18.7,0.8,25059385
39047,11833,229,9277544,27.5,65798000,319,275,300,300,44.18,23.17,213,10195,22.7,4,25231382
35024,14142,270,9400389,27.5,65798000,319,275,300,300,44.18,23.17,213,10195,19.9,-2.8,25407198
48296,14884,217,9643472,27.5,65798000,319,275,300,300,44.18,23.17,213,10195,25.4,5.5,25596991
40990,18341,271,9782183,27.5,65798000,319,275,300,300,44.18,23.17,213,10195,23,-2.4,25774973
37733,21148,217,9817397,27.5,65798000,319,275,300,300,44.18,23.17,213,10195,23.8,0.8,25933338
44438,20901,239,9892349,27.5,65798000,319,275,300,300,44.18,23.17,213,10195,29.8,6,26082428
44631,24714,288,9948331,27.5,65798000,319,275,300,300,44.18,23.17,213,10195,29,-0.8,26236135
50112,26841,346,10111482,27.5,65798000,319,275,300,300,44.18,23.17,213,10195,32.3,3.2,26391359
49058,18943,328,10252400,27.5,65798000,319,275,300,300,44.18,23.17,213,10195,29.8,-2.5,26555800
48781,28623,592,10366532,27.5,65798000,319,275,300,300,44.18,23.17,213,10195,30.7,0.9,26714702
47563,34881,482,10487851,27.5,65798000,319,275,300,300,44.18,23.17,213,10195,30.3,-0.4,26871729
4353,2205,18,4356951,47.7,35125000,859,298,89,99,40.67,30.58,162,4054,6.8,1,13578641
5063,2475,22,4575600,47.7,35125000,859,298,89,99,40.67,30.58,162,4054,8,1.2,13641881
6194,2584,17,4763853,47.7,35125000,859,298,89,99,40.67,30.58,162,4054,10,2,13703838
6986,2358,16,4830669,47.7,35125000,859,298,89,99,40.67,30.58,162,4054,10.7,0.7,13768841
5692,2474,11,5098184,47.7,35125000,859,298,89,99,40.67,30.58,162,4054,12.5,1.8,13814258
7515,2959,20,5267532,47.7,35125000,859,298,89,99,40.67,30.58,162,4054,10.2,-2.3,13887699
8778,2642,22,5287484,47.7,35125000,859,298,89,99,40.67,30.58,162,4054,13.5,3.2,13952957
8126,2700,20,5497016,47.7,35125000,859,298,89,99,40.67,30.58,162,4054,13.2,-0.1,14013857
10031,3792,21,5681972,47.7,35125000,859,298,89,99,40.67,30.58,162,4054,14.8,1.5,14081632
13835,3654,27,5832553,47.7,35125000,859,298,89,99,40.67,30.58,162,4054,17,2.2,14162843
18257,4565,25,5870232,47.7,35125000,859,298,89,99,40.67,30.58,162,4054,16.8,-0.3,14271741
13644,4305,21,6026805,47.7,35125000,859,298,89,99,40.67,30.58,162,4054,15.6,-1.1,14359016
19577,3880,28,6243833,47.7,35125000,859,298,89,99,40.67,30.58,162,4054,17.4,1.8,14471237
22414,5431,22,6353754,47.7,35125000,859,298,89,99,40.67,30.58,162,4054,18.4,1,14593000
26995,6370,28,6504117,47.7,35125000,859,298,89,99,40.67,30.58,162,4054,20,1.6,14728177
28447,5663,27,6628413,47.7,35125000,859,298,89,99,40.67,30.58,162,4054,21.8,1.8,14858794
26685,7067,25,6827750,47.7,35125000,859,298,89,99,40.67,30.58,162,4054,20.3,-1.4,14989949
28469,8122,30,6847062,47.7,35125000,859,298,89,99,40.67,30.58,162,4054,22.5,2.1,15116722
21890,7943,28,6991400,47.7,35125000,859,298,89,99,40.67,30.58,162,4054,22.7,0.2,15213100
32819,18413,32,7107072,47.7,35125000,859,298,89,99,40.67,30.58,162,4054,23.2,0.5,15354299
35013,15505,41,7144122,47.7,35125000,859,298,89,99,40.67,30.58,162,4054,25.3,2.1,15492489
38607,21116,48,7229229,47.7,35125000,859,298,89,99,40.67,30.58,162,4054,24.5,-0.8,15650037
37199,17500,49,7377186,47.7,35125000,859,298,89,99,40.67,30.58,162,4054,24.9,0.4,15799524
35636,15493,48,7428920,47.7,35125000,859,298,89,99,40.67,30.58,162,4054,24.3,-0.6,15945998
31959,16296,49,7426164,47.7,35125000,859,298,89,99,40.67,30.58,162,4054,28.4,4,16058633
26011,19519,45,7508437,47.7,35125000,859,298,89,99,40.67,30.58,162,4054,27,-1.4,16154929
37190,26148,57,7572175,47.7,35125000,859,298,89,99,40.67,30.58,162,4054,26.1,-0.9,16297517
41953,23106,58,7594821,47.7,35125000,859,298,89,99,40.67,30.58,162,4054,25.7,-0.4,16460838
42464,27152,63,7695877,47.7,35125000,859,298,89,99,40.67,30.58,162,4054,27.3,1.6,16616470
38460,26662,54,7854050,47.7,35125000,859,298,89,99,40.67,30.58,162,4054,26.6,-0.6,16760815
41971,27456,64,7933903,47.7,35125000,859,298,89,99,40.67,30.58,162,4054,28.3,1.6,16909361
91,32,0,71259,34.2,293000,4.6,0,0.5,0.5,42.7,20.47,40,16,,,104165
116,64,0,71960,34.2,293000,4.6,0,0.5,0.5,42.7,20.47,40,16,,,104381
146,91,1,72431,34.2,293000,4.6,0,0.5,0.5,42.7,20.47,40,16,,,104632
15,14,0,73397,34.2,293000,4.6,0,0.5,0.5,42.7,20.47,40,16,,,105350
125,16,0,74608,34.2,293000,4.6,0,0.5,0.5,42.7,20.47,40,16,,,105617
165,35,0,75319,34.2,293000,4.6,0,0.5,0.5,42.7,20.47,40,16,,,106054
208,7,1,75905,34.2,293000,4.6,0,0.5,0.5,42.7,20.47,40,16,,,106411
186,72,0,76472,34.2,293000,4.6,0,0.5,0.5,42.7,20.47,40,16,,,106684
245,47,0,76968,34.2,293000,4.6,0,0.5,0.5,42.7,20.47,40,16,,,106951
362,53,1,77819,34.2,293000,4.6,0,0.5,0.5,42.7,20.47,40,16,,,107274
60,84,0,77857,34.2,293000,4.6,0,0.5,0.5,42.7,20.47,40,16,,,107486
175,123,0,80595,34.2,293000,4.6,0,0.5,0.5,42.7,20.47,40,16,,,107808
250,136,1,84637,34.2,293000,4.6,0,0.5,0.5,42.7,20.47,40,16,,,108152
183,20,0,88453,34.2,293000,4.6,0,0.5,0.5,42.7,20.47,40,16,0.2,0.2,108370
198,131,1,91310,34.2,293000,4.6,0,0.5,0.5,42.7,20.47,40,16,0,-0.2,108685
152,159,0,94316,34.2,293000,4.6,0,0.5,0.5,42.7,20.47,40,16,,,109004
148,209,1,96539,34.2,293000,4.6,0,0.5,0.5,42.7,20.47,40,16,,,109427
120,63,2,96956,34.2,293000,4.6,0,0.5,0.5,42.7,20.47,40,16,,,109774
145,315,0,100904,34.2,293000,4.6,0,0.5,0.5,42.7,20.47,40,16,1.7,1.7,110068
140,293,1,103717,34.2,293000,4.6,0,0.5,0.5,42.7,20.47,40,16,9.1,7.4,191160
116,137,0,105915,34.2,293000,4.6,0,0.5,0.5,42.7,20.47,40,16,8.6,-0.6,197926
108,192,1,107405,34.2,293000,4.6,0,0.5,0.5,42.7,20.47,40,16,9.7,1.1,199107
103,247,3,108513,34.2,293000,4.6,0,0.5,0.5,42.7,20.47,40,16,11.8,2.1,200311
117,166,1,109478,34.2,293000,4.6,0,0.5,0.5,42.7,20.47,40,16,10.9,-0.9,201519
140,193,1,109694,34.2,293000,4.6,0,0.5,0.5,42.7,20.47,40,16,11.3,0.4,202708
89,149,3,111013,34.2,293000,4.6,0,0.5,0.5,42.7,20.47,40,16,9.4,-1.9,203524
245,151,3,112784,34.2,293000,4.6,0,0.5,0.5,42.7,20.47,40,16,5.2,-4.2,205687
251,131,0,115057,34.2,293000,4.6,0,0.5,0.5,42.7,20.47,40,16,4.3,-0.9,208361
98,160,0,117110,34.2,293000,4.6,0,0.5,0.5,42.7,20.47,40,16,6.7,2.4,210244
114,145,1,118081,34.2,293000,4.6,0,0.5,0.5,42.7,20.47,40,16,14.9,8.2,212898
156,143,1,119276,34.2,293000,4.6,0,0.5,0.5,42.7,20.47,40,16,4.9,-10,215228
8,3,0,10737,78,68000,2000,0,0.5,0.5,45.14,23.34,5,2,2.9,-3.1,51231
6,9,0,11686,78,68000,2000,0,0.5,0.5,45.14,23.34,5,2,1,-1.8,51803
10,5,0,12703,78,68000,2000,0,0.5,0.5,45.14,23.34,5,2,2.5,1.5,52199
5,3,0,13284,78,68000,2000,0,0.5,0.5,45.14,23.34,5,2,2.3,-0.2,52412
14,1,0,13796,78,68000,2000,0,0.5,0.5,45.14,23.34,5,2,3.9,1.5,52773
21,9,0,14571,78,68000,2000,0,0.5,0.5,45.14,23.34,5,2,6.3,2.4,53108
11,0,0,15308,78,68000,2000,0,0.5,0.5,45.14,23.34,5,2,2.5,-3.8,53552
56,8,0,16144,78,68000,2000,0,0.5,0.5,45.14,23.34,5,2,10.7,8.2,54076
44,11,0,16586,78,68000,2000,0,0.5,0.5,45.14,23.34,5,2,6.4,-4.3,54763
106,5,0,17251,78,68000,2000,0,0.5,0.5,45.14,23.34,5,2,8.5,2.1,56009
114,4,0,18224,78,68000,2000,0,0.5,0.5,45.14,23.34,5,2,8.3,-0.2,57376
117,17,0,18482,78,68000,2000,0,0.5,0.5,45.14,23.34,5,2,7.4,-1,58963
53,26,0,19011,78,68000,2000,0,0.5,0.5,45.14,23.34,5,2,11,3.6,59445
191,16,0,19786,78,68000,2000,0,0.5,0.5,45.14,23.34,5,2,9.9,-1.1,61382
145,34,0,20206,78,68000,2000,0,0.5,0.5,45.14,23.34,5,2,7.6,-2.3,63289
134,17,0,20547,78,68000,2000,0,0.5,0.5,45.14,23.34,5,2,11.2,3.6,64484
157,33,0,21081,78,68000,2000,0,0.5,0.5,45.14,23.34,5,2,7.5,-3.8,66588
164,29,0,21299,78,68000,2000,0,0.5,0.5,45.14,23.34,5,2,9.8,2.3,68263
121,119,0,21755,78,68000,2000,0,0.5,0.5,45.14,23.34,5,2,11.7,1.9,69296
154,131,0,21965,78,68000,2000,0,0.5,0.5,45.14,23.34,5,2,8.1,-3.6,71202
103,138,0,22157,78,68000,2000,0,0.5,0.5,45.14,23.34,5,2,9.7,1.6,72264
158,45,3,22650,78,68000,2000,0,0.5,0.5,45.14,23.34,5,2,7.1,-2.6,74480
105,56,0,23140,78,68000,2000,0,0.5,0.5,45.14,23.34,5,2,8.5,1.4,75713
156,41,0,23455,78,68000,2000,0,0.5,0.5,45.14,23.34,5,2,5.1,-3.4,78748
87,275,0,23686,78,68000,2000,0,0.5,0.5,45.14,23.34,5,2,4.5,-0.7,80697
70,109,2,23959,78,68000,2000,0,0.5,0.5,45.14,23.34,5,2,14.3,9.8,81187
169,210,0,24303,78,68000,2000,0,0.5,0.5,45.14,23.34,5,2,9.6,-4.7,82955
127,160,1,24676,78,68000,2000,0,0.5,0.5,45.14,23.34,5,2,9.7,0.2,84262
152,134,1,24946,78,68000,2000,0,0.5,0.5,45.14,23.34,5,2,7.8,-2,86221
101,118,1,25267,78,68000,2000,0,0.5,0.5,45.14,23.34,5,2,7.1,-0.7,87650
127,215,0,25455,78,68000,2000,0,0.5,0.5,45.14,23.34,5,2,9.3,2.3,89009
4324,2296,27,5234644,27.63,82232000,240,0,445,543,40.31,19.25,23,690,12.9,0.8,6628934
4882,2433,23,5362159,27.63,82232000,240,0,445,543,40.31,19.25,23,690,13,0.1,6666396
4986,2741,24,5465121,27.63,82232000,240,0,445,543,40.31,19.25,23,690,13.3,0.3,6703934
5939,3306,24,5839231,27.63,82232000,240,0,445,543,40.31,19.25,23,690,15.1,1.8,6743222
6489,3117,37,6247108,27.63,82232000,240,0,445,543,40.31,19.25,23,690,16.9,1.8,6781528
8998,4070,40,6561386,27.63,82232000,240,0,445,543,40.31,19.25,23,690,19.3,2.4,6828054
9720,3657,51,6890145,27.63,82232000,240,0,445,543,40.31,19.25,23,690,21.7,2.4,6872786
10166,3970,53,7058738,27.63,82232000,240,0,445,543,40.31,19.25,23,690,21.3,0.5,6920606
11045,7496,60,7115737,27.63,82232000,240,0,445,543,40.31,19.25,23,690,22.1,0.9,6970509
11269,6497,66,7305314,27.63,82232000,240,0,445,543,40.31,19.25,23,690,21.4,0.7,7023077
12248,7495,66,7329901,27.63,82232000,240,0,445,543,40.31,19.25,23,690,22.8,1.4,7076705
12897,6836,79,7507451,27.63,82232000,240,0,445,543,40.31,19.25,23,690,25.3,2.5,7127647
12727,8937,77,7542949,27.63,82232000,240,0,445,543,40.31,19.25,23,690,24.8,0.5,7179032
13107,9035,75,7566383,27.63,82232000,240,0,445,543,40.31,19.25,23,690,24,-0.7,7233580
12384,9620,75,7738469,27.63,82232000,240,0,445,543,40.31,19.25,23,690,24.3,0.3,7284554
13590,10833,74,7774348,27.63,82232000,240,0,445,543,40.31,19.25,23,690,23.8,-0.5,7341730
12918,11091,104,7895592,27.63,82232000,240,0,445,543,40.31,19.25,23,690,23.1,-0.7,7397609
13601,11324,92,7908665,27.63,82232000,240,0,445,543,40.31,19.25,23,690,23,-0.1,7456701
12686,11612,88,7991717,27.63,82232000,240,0,445,543,40.31,19.25,23,690,23.1,0.1,7511683
13417,11577,98,8010424,27.63,82232000,240,0,445,543,40.31,19.25,23,690,22.7,-0.4,7570860
12758,14156,105,8071748,27.63,82232000,240,0,445,543,40.31,19.25,23,690,21.7,-0.9,7629555
12762,13363,95,8076994,27.63,82232000,240,0,445,543,40.31,19.25,23,690,21.5,-0.3,7689004
12400,13584,97,8079528,27.63,82232000,240,0,445,543,40.31,19.25,23,690,21.1,-0.3,7747712
12379,14562,102,8151801,27.63,82232000,240,0,445,543,40.31,19.25,23,690,20.3,-0.8,7808547
12662,13890,94,8154921,27.63,82232000,240,0,445,543,40.31,19.25,23,690,20.9,0.6,7869034
12062,13408,93,8222982,27.63,82232000,240,0,445,543,40.31,19.25,23,690,21,0.4,7926482
12236,11249,98,8242734,27.63,82232000,240,0,445,543,40.31,19.25,23,690,18.5,-2.5,7992536
12319,9643,71,8357417,27.63,82232000,240,0,445,543,40.31,19.25,23,690,18.6,0.1,8058819
12421,12965,86,8462476,27.63,82232000,240,0,445,543,40.31,19.25,23,690,18.2,-0.3,8126921
11708,4815,84,8479263,27.63,82232000,240,0,445,543,40.31,19.25,23,690,17.9,-0.3,8192183
11598,4445,90,8595188,27.63,82232000,240,0,445,543,40.31,19.25,23,690,17.4,-0.5,8258708
56286,36130,376,9338531,45.2,122153000,410,991,1500,1661,43.6,23,71,8836,23.8,-2.1,21385551
58993,45391,301,9632724,45.2,122153000,410,991,1500,1661,43.6,23,71,8836,24,0.2,21631258
55411,53005,309,9923534,45.2,122153000,410,991,1500,1661,43.6,23,71,8836,25,1.2,21851235
63294,34008,349,10192353,45.2,122153000,410,991,1500,1661,43.6,23,71,8836,24.1,-1.1,22114372
51751,52312,258,10529376,45.2,122153000,410,991,1500,1661,43.6,23,71,8836,24.9,0.8,22322393
60212,31624,281,10753947,45.2,122153000,410,991,1500,1661,43.6,23,71,8836,25.3,0.5,22560051
58952,39624,278,11125434,45.2,122153000,410,991,1500,1661,43.6,23,71,8836,24.3,-1,22802200
61695,53335,349,11512728,45.2,122153000,410,991,1500,1661,43.6,23,71,8836,26.3,2,23036652
63729,45335,398,11886859,45.2,122153000,410,991,1500,1661,43.6,23,71,8836,23.4,-2.9,23308878
67123,56783,419,12139453,45.2,122153000,410,991,1500,1661,43.6,23,71,8836,24.7,1.3,23580913
68631,45654,503,12273973,45.2,122153000,410,991,1500,1661,43.6,23,71,8836,25.1,0.4,23854185
58924,52412,351,12650266,45.2,122153000,410,991,1500,1661,43.6,23,71,8836,26.6,1.5,24075811
62097,54224,519,12945000,45.2,122153000,410,991,1500,1661,43.6,23,71,8836,23.4,-3.2,24341736
67468,54985,568,13279970,45.2,122153000,410,991,1500,1661,43.6,23,71,8836,24.7,1.4,24614480
67013,62298,568,13675149,45.2,122153000,410,991,1500,1661,43.6,23,71,8836,23.8,-0.9,24895986
66836,74045,773,13999992,45.2,122153000,410,991,1500,1661,43.6,23,71,8836,24.1,0.3,25173596
67160,63818,676,14230213,45.2,122153000,410,991,1500,1661,43.6,23,71,8836,23.4,-0.6,25460008
66191,61450,832,14342716,45.2,122153000,410,991,1500,1661,43.6,23,71,8836,22.9,-0.6,25749543
48700,71736,524,14906543,45.2,122153000,410,991,1500,1661,43.6,23,71,8836,21.9,-1,25972018
66358,67752,895,15322367,45.2,122153000,410,991,1500,1661,43.6,23,71,8836,23.5,1.6,26254737
63309,61181,1035,15578162,45.2,122153000,410,991,1500,1661,43.6,23,71,8836,23.2,-0.3,26527862
66159,68537,771,15871153,45.2,122153000,410,991,1500,1661,43.6,23,71,8836,23,-0.2,26816075
62919,69710,828,16184823,45.2,122153000,410,991,1500,1661,43.6,23,71,8836,21.7,-1.3,27106282
63282,61326,802,16322336,45.2,122153000,410,991,1500,1661,43.6,23,71,8836,21.9,0.2,27395288
56647,51356,669,16342758,45.2,122153000,410,991,1500,1661,43.6,23,71,8836,22,0.1,27652758
48621,59500,567,16422152,45.2,122153000,410,991,1500,1661,43.6,23,71,8836,23,1,27864426
51880,65934,891,16520873,45.2,122153000,410,991,1500,1661,43.6,23,71,8836,21.5,-1.5,28105382
57640,57006,920,16781719,45.2,122153000,410,991,1500,1661,43.6,23,71,8836,20.6,-0.9,28384582
62194,63842,853,17243457,45.2,122153000,410,991,1500,1661,43.6,23,71,8836,22.4,1.8,28661668
54022,37386,898,17617719,45.2,122153000,410,991,1500,1661,43.6,23,71,8836,20.1,-2.4,28930580
56578,82266,864,17858864,45.2,122153000,410,991,1500,1661,43.6,23,71,8836,21.7,1.6,29191331
16,3,1,128096,29.21,3103000,130,50,18,18,43.36,19.5,10,0,1.4,0.7,584391
12,8,0,130961,29.21,3103000,130,50,18,18,43.36,19.5,10,0,1.5,0.1,585041
11,1,0,132204,29.21,3103000,130,50,18,18,43.36,19.5,10,0,1.8,0.3,586090
10,3,1,134396,29.21,3103000,130,50,18,18,43.36,19.5,10,0,1,-0.8,586817
18,22,0,137679,29.21,3103000,130,50,18,18,43.36,19.5,10,0,1.4,0.3,587729
26,11,0,139978,29.21,3103000,130,50,18,18,43.36,19.5,10,0,2,0.6,588540
21,6,0,142931,29.21,3103000,130,50,18,18,43.36,19.5,10,0,3.2,1.2,589389
18,10,0,145490,29.21,3103000,130,50,18,18,43.36,19.5,10,0,2.5,-0.7,590238
31,7,0,148635,29.21,3103000,130,50,18,18,43.36,19.5,10,0,2.1,-0.4,591431
39,14,0,152135,29.21,3103000,130,50,18,18,43.36,19.5,10,0,2.6,0.5,592588
72,7,0,153124,29.21,3103000,130,50,18,18,43.36,19.5,10,0,3.4,0.8,593783
54,12,1,157711,29.21,3103000,130,50,18,18,43.36,19.5,10,0,6,2.7,594750
94,4,1,162117,29.21,3103000,130,50,18,18,43.36,19.5,10,0,5.6,-0.4,596703
92,22,2,167554,29.21,3103000,130,50,18,18,43.36,19.5,10,0,4.8,-0.8,598268
86,25,1,171785,29.21,3103000,130,50,18,18,43.36,19.5,10,0,5.9,1.1,599801
104,27,0,174263,29.21,3103000,130,50,18,18,43.36,19.5,10,0,5.6,-0.3,601600
130,13,2,180379,29.21,3103000,130,50,18,18,43.36,19.5,10,0,5.8,0.2,602832
140,38,2,182546,29.21,3103000,130,50,18,18,43.36,19.5,10,0,10.6,4.8,604620
146,36,5,192280,29.21,3103000,130,50,18,18,43.36,19.5,10,0,7.8,-2.7,605708
175,50,3,200765,29.21,3103000,130,50,18,18,43.36,19.5,10,0,13.4,5.6,607553
259,59,2,214237,29.21,3103000,130,50,18,18,43.36,19.5,10,0,9.5,-3.9,609910
314,314,5,228344,29.21,3103000,130,50,18,18,43.36,19.5,10,0,11,1.5,612489
271,74,5,250314,29.21,3103000,130,50,18,18,43.36,19.5,10,0,12.2,1.2,614444
319,79,5,263802,29.21,3103000,130,50,18,18,43.36,19.5,10,0,13.9,1.7,616666
256,80,5,266790,29.21,3103000,130,50,18,18,43.36,19.5,10,0,14.4,0.5,618926
362,107,7,281266,29.21,3103000,130,50,18,18,43.36,19.5,10,0,11.3,-3,621082
433,111,2,291900,29.21,3103000,130,50,18,18,43.36,19.5,10,0,16.8,5.5,623555
397,121,10,304066,29.21,3103000,130,50,18,18,43.36,19.5,10,0,17.5,0.7,625498
380,33,13,313874,29.21,3103000,130,50,18,18,43.36,19.5,10,0,20.4,2.9,627856
600,83,2,322187,29.21,3103000,130,50,18,18,43.36,19.5,10,0,16.1,-4.3,631277
442,85,12,329805,29.21,3103000,130,50,18,18,43.36,19.5,10,0,17.5,1.4,634101
25,1,1,135237,20,3224000,130,0,15,14,38.92,13.86,10,100,1.4,1.1,414890
42,6,0,139127,20,3224000,130,0,15,14,38.92,13.86,10,100,1.6,0.2,417459
39,4,0,141326,20,3224000,130,0,15,14,38.92,13.86,10,100,1.7,0.1,419769
28,40,0,142445,20,3224000,130,0,15,15,38.92,13.86,10,100,1.5,-0.2,421655
26,23,0,146626,20,3224000,130,0,15,15,38.92,13.86,10,100,2.4,0.9,422738
87,10,0,152855,20,3224000,130,0,15,15,38.92,13.86,10,100,4,1.6,424940
98,5,0,157493,20,3224000,130,0,16,15,38.92,13.86,10,100,3.6,-0.3,427651
97,3,0,163271,20,3224000,130,0,16,15,38.92,13.86,10,100,5.7,2.4,429358
121,12,1,167553,20,3224000,130,0,16,16,38.92,13.86,10,100,4.9,-0.7,431805
95,11,0,169475,20,3224000,130,0,15,15,38.92,13.86,10,100,5,0.1,433687
71,41,1,169578,20,3224000,130,0,15,15,38.92,13.86,10,100,3.8,-1.3,435552
110,33,1,174713,20,3224000,130,0,15,15,38.92,13.86,10,100,8.2,4.4,436898
137,34,0,180632,20,3224000,130,0,16,15,38.92,13.86,10,100,7.1,-1.1,438825
192,25,3,185239,20,3224000,130,0,16,16,38.92,13.86,10,100,6.6,-0.5,441749
180,68,0,194776,20,3224000,130,0,16,16,38.92,13.86,10,100,9.1,2.5,443730
143,38,0,203371,20,3224000,130,0,16,15,38.92,13.86,10,100,6.6,-2.5,445913
155,148,1,209522,20,3224000,130,0,16,16,38.92,13.86,10,100,7.5,0.9,447985
208,62,2,210172,20,3224000,130,0,16,16,38.92,13.86,10,100,14.5,7,449420
130,114,1,225514,20,3224000,130,0,16,16,38.92,13.86,10,100,5.4,-9.1,451828
147,90,4,242595,20,3224000,130,0,16,16,38.92,13.86,10,100,6.9,1.5,453972
159,138,2,258998,20,3224000,130,0,16,16,38.92,13.86,10,100,6.4,-0.5,456470
187,129,2,275100,20,3224000,130,0,16,16,38.92,13.86,10,100,7.3,1,459023
229,166,2,290726,20,3224000,130,0,17,16,38.92,13.86,10,100,9,1.7,461570
262,192,3,297967,20,3224000,130,0,17,16,38.92,13.86,10,100,8,-1,464863
321,154,5,298409,20,3224000,130,0,17,16,38.92,13.86,10,100,11.5,3.5,467645
246,177,6,307070,20,3224000,130,0,17,16,38.92,13.86,10,100,12.1,0.5,469686
339,204,0,314393,20,3224000,130,0,17,17,38.92,13.86,10,100,14.7,2.7,471988
269,147,6,320713,20,3224000,130,0,17,17,38.92,13.86,10,100,10,-4.7,474680
347,129,2,329374,20,3224000,130,0,17,17,38.92,13.86,10,100,11.6,1.6,477676
297,176,6,337742,20,3224000,130,0,17,17,38.92,13.86,10,100,9.6,-2,480778
375,152,11,342209,20,3224000,130,0,17,17,38.92,13.86,10,100,12.7,3.1,483733
14,3,0,86987,51.5,1192000,52,0,20,40,38.92,13.86,10,100,1,0.3,256032
36,3,0,92678,51.5,1192000,52,0,20,40,38.92,13.86,10,100,2.6,1.6,257181
25,0,0,95229,51.5,1192000,52,0,20,40,38.92,13.86,10,100,3.2,0.6,258555
29,1,0,95857,51.5,1192000,52,0,20,40,38.92,13.86,10,100,1.8,-1.4,259943
7,10,1,105078,51.5,1192000,52,0,20,40,38.92,13.86,10,100,1.3,-0.5,260728
36,1,0,113106,51.5,1192000,52,0,20,40,38.92,13.86,10,100,2.2,0.8,262310
30,1,0,123060,51.5,1192000,52,0,20,40,38.92,13.86,10,100,1.6,-0.6,262830
37,7,0,135583,51.5,1192000,52,0,20,40,38.92,13.86,10,100,1.6,0,264490
25,5,0,148073,51.5,1192000,52,0,20,40,38.92,13.86,10,100,1,-0.6,266380
62,1,0,154038,51.5,1192000,52,0,20,40,38.92,13.86,10,100,3,2,268697
50,26,0,154183,51.5,1192000,52,0,20,40,38.92,13.86,10,100,,,271178
45,9,0,164833,51.5,1192000,52,0,20,40,38.92,13.86,10,100,7.4,7.4,273248
91,51,0,174379,51.5,1192000,52,0,20,40,38.92,13.86,10,100,,,273855
90,7,0,180829,51.5,1192000,52,0,20,40,38.92,13.86,10,100,1.4,1.4,280243
73,24,0,194136,51.5,1192000,52,0,20,40,38.92,13.86,10,100,3.2,1.8,282502
62,5,0,206191,51.5,1192000,52,0,20,40,38.92,13.86,10,100,1.9,-1.3,285702
63,32,0,211142,51.5,1192000,52,0,20,40,38.92,13.86,10,100,3.2,1.2,287694
105,34,1,211237,51.5,1192000,52,0,20,40,38.92,13.86,10,100,4.6,1.4,289994
22,60,0,223439,51.5,1192000,52,0,20,40,38.92,13.86,10,100,5.2,0.6,290416
103,12,0,235159,51.5,1192000,52,0,20,40,38.92,13.86,10,100,3,-2.3,293905
228,49,0,243917,51.5,1192000,52,0,20,40,38.92,13.86,10,100,6.9,3.9,297210
138,90,0,250446,51.5,1192000,52,0,20,40,38.92,13.86,10,100,3.7,-3.2,300922
140,44,2,256096,51.5,1192000,52,0,20,40,38.92,13.86,10,100,4.7,0.9,303922
113,0,0,258922,51.5,1192000,52,0,20,40,38.92,13.86,10,100,4,-0.6,306714
152,120,1,258815,51.5,1192000,52,0,20,40,38.92,13.86,10,100,7.2,3.1,308827
74,66,1,263585,51.5,1192000,52,0,20,40,38.92,13.86,10,100,6,-1.2,310058
198,56,0,267429,51.5,1192000,52,0,20,40,38.92,13.86,10,100,5.6,-0.4,313575
238,137,0,270992,51.5,1192000,52,0,20,40,38.92,13.86,10,100,7.4,1.8,316793
170,46,0,275179,51.5,1192000,52,0,20,40,38.92,13.86,10,100,5.2,-2.2,320041
183,108,0,277305,51.5,1192000,52,0,20,40,38.92,13.86,10,100,5.7,0.4,323271
235,124,0,277860,51.5,1192000,52,0,20,40,38.92,13.86,10,100,7.9,2.3,326234
5,0,0,97863,28.8,2150000,119,0,20,70,42.72,15.16,2,10,2.4,-2.4,137282
7,4,0,100533,28.8,2150000,119,0,20,70,42.72,15.16,2,10,,,137507
12,2,0,101480,28.8,2150000,119,0,20,70,42.72,15.16,2,10,2,2,137712
5,2,2,105854,28.8,2150000,119,0,20,70,42.72,15.16,2,10,2.3,0.3,138300
11,0,0,113941,28.8,2150000,119,0,20,70,42.72,15.16,2,10,5.9,3.6,138515
11,3,0,120854,28.8,2150000,119,0,20,70,42.72,15.16,2,10,4.1,-1.8,138701
13,102,0,128132,28.8,2150000,119,0,20,70,42.72,15.16,2,10,3.8,-0.3,138968
42,3,0,133049,28.8,2150000,119,0,20,70,42.72,15.16,2,10,17.1,13.3,139312
22,2,1,137639,28.8,2150000,119,0,20,70,42.72,15.16,2,10,8.1,-8.5,139558
32,0,0,139051,28.8,2150000,119,0,20,70,42.72,15.16,2,10,8.7,0.6,139828
19,8,0,140106,28.8,2150000,119,0,20,70,42.72,15.16,2,10,7.5,-1.3,140194
13,0,0,148681,28.8,2150000,119,0,20,70,42.72,15.16,2,10,8.6,1.1,140449
82,0,0,155195,28.8,2150000,119,0,20,70,42.72,15.16,2,10,16.7,8.1,140601
97,4,0,162418,28.8,2150000,119,0,20,70,42.72,15.16,2,10,13.6,-3.1,141093
53,2,0,169219,28.8,2150000,119,0,20,70,42.72,15.16,2,10,19.9,6.3,141806
89,1,0,171605,28.8,2150000,119,0,20,70,42.72,15.16,2,10,19.5,-0.4,142072
114,0,1,172277,28.8,2150000,119,0,20,70,42.72,15.16,2,10,15.3,-4.2,142528
180,15,3,172647,28.8,2150000,119,0,20,70,42.72,15.16,2,10,27.9,12.5,143272
55,3,0,178196,28.8,2150000,119,0,20,70,42.72,15.16,2,10,17.9,-10,143918
207,16,0,183203,28.8,2150000,119,0,20,70,42.72,15.16,2,10,32.1,14.2,144226
124,32,2,189765,28.8,2150000,119,0,20,70,42.72,15.16,2,10,18.3,-13.7,144871
181,29,0,195429,28.8,2150000,119,0,20,70,42.72,15.16,2,10,28.1,9.8,145547
226,12,4,198814,28.8,2150000,119,0,20,70,42.72,15.16,2,10,30.4,2.1,146190
158,44,3,199986,28.8,2150000,119,0,20,70,42.72,15.16,2,10,24.7,-5.6,146937
216,27,2,200268,28.8,2150000,119,0,20,70,42.72,15.16,2,10,39.9,15.2,147577
101,30,6,205169,28.8,2150000,119,0,20,70,42.72,15.16,2,10,23.1,-16.9,148118
266,32,0,209616,28.8,2150000,119,0,20,70,42.72,15.16,2,10,,,148556
287,33,3,213112,28.8,2150000,119,0,20,70,42.72,15.16,2,10,18.1,18.1,150142
267,38,3,215703,28.8,2150000,119,0,20,70,42.72,15.16,2,10,29.4,11.3,151050
309,112,1,217847,28.8,2150000,119,0,20,70,42.72,15.16,2,10,46.3,16.9,151718
333,19,15,218088,28.8,2150000,119,0,20,70,42.72,15.16,2,10,2.7,-43.5,163892
879,228,0,3769153,16.7,43671000,270,340,430,450,41.64,22.97,14,903,2.8,0.3,9275631
1282,310,1,3956246,16.7,43671000,270,340,434,450,41.64,22.97,14,903,4.4,1.6,9304712
1374,403,2,4091351,16.7,43671000,270,340,424,450,41.64,22.97,14,903,4,-0.4,9338708
1379,459,0,4214184,16.7,43671000,270,340,446,450,41.64,22.97,14,903,4.4,0.3,9370359
1741,538,2,4356095,16.7,43671000,270,340,436,450,41.64,22.97,14,903,5.8,1.4,9400456
1784,523,2,4444241,16.7,43671000,270,340,415,450,41.64,22.97,14,903,6.4,0.6,9428469
2267,610,3,4527911,16.7,43671000,270,340,408,450,41.64,22.97,14,903,6.8,0.4,9461720
2989,837,2,4685831,16.7,43671000,270,340,422,450,41.64,22.97,14,903,8.6,1.8,9496291
3108,952,3,4795020,16.7,43671000,270,340,419,450,41.64,22.97,14,903,9.7,1.1,9528182
3144,1303,4,4865265,16.7,43671000,270,340,420,450,41.64,22.97,14,903,8.4,1.3,9565427
3664,1309,2,4930367,16.7,43671000,270,340,437,450,41.64,22.97,14,903,10.6,2.2,9599877
4445,1503,4,5072765,16.7,43671000,270,340,407,450,41.64,22.97,14,903,12.3,1.7,9636052
4761,1740,5,5194381,16.7,43671000,270,340,425,450,41.64,22.97,14,903,14.7,2.4,9668401
4851,2009,5,5306252,16.7,43671000,270,340,460,450,41.64,22.97,14,903,12.6,-2.1,9706949
6164,2165,7,5399333,16.7,43671000,270,340,470,450,41.64,22.97,14,903,13.7,1.1,9751932
6215,2452,8,5509857,16.7,43671000,270,340,415,450,41.64,22.97,14,903,15,1.3,9793470
6647,3464,8,5527072,16.7,43671000,270,340,450,450,41.64,22.97,14,903,16.2,1.2,9834487
6116,3464,7,5530174,16.7,43671000,270,340,440,450,41.64,22.97,14,903,14,-2.2,9878252
6599,4180,9,5618057,16.7,43671000,270,340,427,450,41.64,22.97,14,903,16.6,2.7,9917894
6073,4089,10,5694155,16.7,43671000,270,340,413,450,41.64,22.97,14,903,16.5,-0.2,9954739
8386,4521,10,5743455,16.7,43671000,270,340,430,450,41.64,22.97,14,903,19.8,3.3,9997140
6998,4679,12,5779022,16.7,43671000,270,340,442,450,41.64,22.97,14,903,15.9,-3.9,10041204
8681,5014,14,5857731,16.7,43671000,270,340,417,450,41.64,22.97,14,903,19.1,3.2,10086656
10413,5634,11,5872738,16.7,43671000,270,340,410,450,41.64,22.97,14,903,21.9,2.8,10134118
8015,6527,14,5874407,16.7,43671000,270,340,413,450,41.64,22.97,14,903,17.2,-4.7,10180678
8914,6488,5,5916461,16.7,43671000,270,340,436,450,41.64,22.97,14,903,19.1,1.9,10227321
8216,6164,15,5944620,16.7,43671000,270,340,438,450,41.64,22.97,14,903,18.8,-0.3,10271003
9889,6176,16,5967765,16.7,43671000,270,340,439,450,41.64,22.97,14,903,20.6,1.8,10319104
10521,6854,17,6017415,16.7,43671000,270,340,423,450,41.64,22.97,14,903,21.8,1.2,10367418
12238,8401,19,6094247,16.7,43671000,270,340,430,450,41.64,22.97,14,903,24.1,2.3,10418217
11807,7664,21,6159998,16.7,43671000,270,340,444,450,41.64,22.97,14,903,23.2,-0.9,10469081
293,113,0,90099,68.3,1504000,2900,84,5,4,45.63,24.89,5,2,8.5,-6.6,692810
223,139,0,93096,68.3,1504000,2900,84,9,8,45.63,24.89,5,2,5.9,-2.5,696561
272,136,2,96737,68.3,1504000,2900,84,8,6,45.63,24.89,5,2,7.1,1.2,700382
306,206,2,103546,68.3,1504000,2900,84,7,6,45.63,24.89,5,2,9.1,2,703730
512,232,2,114551,68.3,1504000,2900,84,5,6,45.63,24.89,5,2,14.8,5.7,707181
418,209,3,129271,68.3,1504000,2900,84,5,6,45.63,24.89,5,2,8.3,-6.6,712231
476,242,2,138153,68.3,1504000,2900,84,2,6,45.63,24.89,5,2,10.9,2.6,716607
413,176,1,148389,68.3,1504000,2900,84,7,5,45.63,24.89,5,2,14.7,3.8,719418
531,220,3,157494,68.3,1504000,2900,84,8,4,45.63,24.89,5,2,11.3,-3.4,724132
715,198,3,163766,68.3,1504000,2900,84,9,8,45.63,24.89,5,2,15.1,3.8,728880
663,282,3,165647,68.3,1504000,2900,84,5,2,45.63,24.89,5,2,13.1,-2,733950
565,336,5,168672,68.3,1504000,2900,84,6,2,45.63,24.89,5,2,15.9,2.8,737514
638,253,4,170810,68.3,1504000,2900,84,7,2,45.63,24.89,5,2,11.3,-4.6,743184
619,283,5,173769,68.3,1504000,2900,84,5,2,45.63,24.89,5,2,11,-0.3,748791
987,464,4,176558,68.3,1504000,2900,84,5,4,45.63,24.89,5,2,21.1,10.1,753466
792,383,2,179519,68.3,1504000,2900,84,6,5,45.63,24.89,5,2,15.6,-5.5,758547
899,453,9,181719,68.3,1504000,2900,84,6,6,45.63,24.89,5,2,14.9,-0.7,764577
1008,476,11,182302,68.3,1504000,2900,84,6,8,45.63,24.89,5,2,17.9,3,770209
747,515,10,185167,68.3,1504000,2900,84,6,5,45.63,24.89,5,2,21.6,3.7,773660
1021,690,13,187823,68.3,1504000,2900,84,6,2,45.63,24.89,5,2,15.7,-5.9,780162
1258,632,10,190734,68.3,1504000,2900,84,5,3,45.63,24.89,5,2,18.4,2.7,786995
1122,565,12,193884,68.3,1504000,2900,84,9,6,45.63,24.89,5,2,11.5,-6.9,796722
1195,653,12,197790,68.3,1504000,2900,84,9,8,45.63,24.89,5,2,18.5,7,803173
1379,623,12,199906,68.3,1504000,2900,84,9,5,45.63,24.89,5,2,21.1,2.6,809704
1360,987,16,200026,68.3,1504000,2900,84,8,2,45.63,24.89,5,2,26.3,5.2,814877
799,790,15,202468,68.3,1504000,2900,84,7,4,45.63,24.89,5,2,24,-2.3,818210
1138,886,17,204352,68.3,1504000,2900,84,8,8,45.63,24.89,5,2,16.7,-7.3,825030
1819,933,18,206992,68.3,1504000,2900,84,9,5,45.63,24.89,5,2,26.4,9.7,831923
1510,779,18,209894,68.3,1504000,2900,84,5,9,45.63,24.89,5,2,21.1,-5.3,839073
1746,1079,19,212857,68.3,1504000,2900,84,4,5,45.63,24.89,5,2,21.2,0.1,847293
1703,1177,19,215447,68.3,1504000,2900,84,2,5,45.63,24.89,5,2,18.6,-2.6,856425
3070,2480,56,1571245,37.5,29859000,551,83,126,136,43.52,24.01,9,208,6.6,-0.2,6235386
3404,2518,56,1672868,37.5,29859000,551,83,126,136,43.52,24.01,9,208,9.6,3,6270878
3239,2385,58,1769971,37.5,29859000,551,83,126,136,43.52,24.01,9,208,8.6,-1,6308652
3039,3121,59,1845259,37.5,29859000,551,83,126,136,43.52,24.01,9,208,8.1,-0.5,6346316
3451,3407,52,1938988,37.5,29859000,551,83,126,136,43.52,24.01,9,208,15.3,7.2,6368902
2980,2612,50,2002937,37.5,29859000,551,83,126,136,43.52,24.01,9,208,7.6,-7.6,6407939
3302,3173,63,2080678,37.5,29859000,551,83,126,136,43.52,24.01,9,208,10.2,2.6,6440181
4311,2478,50,2166051,37.5,29859000,551,83,126,136,43.52,24.01,9,208,12.8,2.6,6473869
3891,3129,50,2261624,37.5,29859000,551,83,126,136,43.52,24.01,9,208,8.8,-4,6517986
4431,2615,62,2352518,37.5,29859000,551,83,126,136,43.52,24.01,9,208,10.3,1.5,6561028
4900,3141,68,2418132,37.5,29859000,551,83,126,136,43.52,24.01,9,208,10.5,0.2,6607723
4622,3418,83,2508073,37.5,29859000,551,83,126,136,43.52,24.01,9,208,14.6,4.1,6639409
4656,3198,60,2595020,37.5,29859000,551,83,126,136,43.52,24.01,9,208,9.1,-5.5,6690798
4953,2727,69,2658091,37.5,29859000,551,83,126,136,43.52,24.01,9,208,9.2,0.1,6744906
5450,3657,75,2715479,37.5,29859000,551,83,126,136,43.52,24.01,9,208,11.5,2.4,6792211
6728,3294,75,2812254,37.5,29859000,551,83,126,136,43.52,24.01,9,208,11.9,0.4,6848790
5663,2949,92,2925001,37.5,29859000,551,83,126,136,43.52,24.01,9,208,10.4,-1.5,6903246
6980,5315,76,2995367,37.5,29859000,551,83,126,136,43.52,24.01,9,208,12,1.6,6961532
6276,4438,98,3086085,37.5,29859000,551,83,126,136,43.52,24.01,9,208,17.7,5.8,6996890
5916,3774,100,3131631,37.5,29859000,551,83,126,136,43.52,24.01,9,208,10.3,-7.6,7054436
6904,5272,142,3211821,37.5,29859000,551,83,126,136,43.52,24.01,9,208,12.9,2.7,7107801
6724,5059,137,3294001,37.5,29859000,551,83,126,136,43.52,24.01,9,208,12,-0.9,7163789
6063,5106,113,3394738,37.5,29859000,551,83,126,136,43.52,24.01,9,208,10.5,-1.5,7221431
7017,4448,138,3477671,37.5,29859000,551,83,126,136,43.52,24.01,9,208,11.6,1.1,7281978
7280,5244,157,3498523,37.5,29859000,551,83,126,136,43.52,24.01,9,208,12.4,0.8,7340768
6772,6016,155,3532229,37.5,29859000,551,83,126,136,43.52,24.01,9,208,18.4,6,7377560
7514,6115,173,3551466,37.5,29859000,551,83,126,136,43.52,24.01,9,208,11.4,-7,7443337
7953,6701,180,3627732,37.5,29859000,551,83,126,136,43.52,24.01,9,208,11.8,0.4,7510673
8841,5126,154,3705260,37.5,29859000,551,83,126,136,43.52,24.01,9,208,13.9,2.1,7574249
8297,4976,165,3773290,37.5,29859000,551,83,126,136,43.52,24.01,9,208,12.1,-1.8,7642667
9042,6647,171,3836530,37.5,29859000,551,83,126,136,43.52,24.01,9,208,13.9,1.8,7707585
3526,520,20,8807351,24.87,77264000,200,120,205,205,39.39,18.48,137,1391,6.7,1.1,7230603
3970,1005,12,9245238,24.87,77264000,200,120,205,205,39.39,18.48,137,1391,7.2,0.5,7285519
4401,562,18,9565308,24.87,77264000,200,120,205,205,39.39,18.48,137,1391,7.9,0.6,7341539
5105,1015,10,9716352,24.87,77264000,200,120,205,205,39.39,18.48,137,1391,8.9,1,7398952
5771,1291,25,9925581,24.87,77264000,200,120,205,205,39.39,18.48,137,1391,21.9,13,7425270
5528,1251,28,10080932,24.87,77264000,200,120,205,205,39.39,18.48,137,1391,9.3,-12.6,7484479
6200,1956,29,10224579,24.87,77264000,200,120,205,205,39.39,18.48,137,1391,15.5,6.2,7524365
6658,2254,33,10360331,24.87,77264000,200,120,205,205,39.39,18.48,137,1391,15.3,-0.2,7567748
7359,2791,31,10523372,24.87,77264000,200,120,205,205,39.39,18.48,137,1391,12.1,-3.3,7628646
9046,2823,37,10698771,24.87,77264000,200,120,205,205,39.39,18.48,137,1391,13.1,1.5,7695207
10262,3084,42,10884806,24.87,77264000,200,120,205,205,39.39,18.48,137,1391,15.8,2.2,7760082
11967,2408,53,11192119,24.87,77264000,200,120,205,205,39.39,18.48,137,1391,29.8,14,7800262
12201,3207,64,11451137,24.87,77264000,200,120,205,205,39.39,18.48,137,1391,14.2,-15.6,7886105
14622,3765,62,11650301,24.87,77264000,200,120,205,205,39.39,18.48,137,1391,18.1,3.8,7967086
14468,3618,59,11836328,24.87,77264000,200,120,205,205,39.39,18.48,137,1391,24.7,6.6,8025721
15398,5197,64,12010244,24.87,77264000,200,120,205,205,39.39,18.48,137,1391,17.9,-6.8,8111760
15355,4959,74,12207892,24.87,77264000,200,120,205,205,39.39,18.48,137,1391,17.8,0.1,8197849
15809,6649,74,12347953,24.87,77264000,200,120,205,205,39.39,18.48,137,1391,19.8,1.9,8277809
16438,6416,84,12543221,24.87,77264000,200,120,205,205,39.39,18.48,137,1391,37.1,17.3,8322104
16089,7426,121,12659815,24.87,77264000,200,120,205,205,39.39,18.48,137,1391,17.9,-19.2,8411797
16613,8303,120,12812973,24.87,77264000,200,120,205,205,39.39,18.48,137,1391,19.4,1.5,8497418
17269,10964,158,12936911,24.87,77264000,200,120,205,205,39.39,18.48,137,1391,20.2,0.8,8582791
17155,10034,155,13022322,24.87,77264000,200,120,205,205,39.39,18.48,137,1391,20.9,0.6,8664982
17652,11676,160,13092779,24.87,77264000,200,120,205,205,39.39,18.48,137,1391,21.6,0.6,8749162
18298,11262,159,13173426,24.87,77264000,200,120,205,205,39.39,18.48,137,1391,35.4,13.8,8833897
17296,11949,154,13338393,24.87,77264000,200,120,205,205,39.39,18.48,137,1391,17.1,-18.4,8882698
16974,14146,154,13474448,24.87,77264000,200,120,205,205,39.39,18.48,137,1391,18.1,1.1,8982116
16815,17022,155,13597367,24.87,77264000,200,120,205,205,39.39,18.48,137,1391,19.5,1.3,9074803
17532,16044,161,13700772,24.87,77264000,200,120,205,205,39.39,18.48,137,1391,23.4,4,9164902
18231,16930,164,13841990,24.87,77264000,200,120,205,205,39.39,18.48,137,1391,22.6,-0.8,9242688
17987,17667,160,14019524,24.87,77264000,200,120,205,205,39.39,18.48,137,1391,23.7,1.1,9322119
6,2,0,104473,25,664000,86,90,20,90,46.95,18.38,1,10,,,79739
6,0,0,112414,25,664000,86,90,20,90,46.95,18.38,1,10,,,79895
22,2,0,115201,25,664000,86,90,20,90,46.95,18.38,1,10,,,80088
54,1,0,117171,25,664000,86,90,20,90,46.95,18.38,1,10,,,80379
5,2,0,126124,25,664000,86,90,20,90,46.95,18.38,1,10,,,80532
25,5,0,135661,25,664000,86,90,20,90,46.95,18.38,1,10,,,80684
21,0,0,141777,25,664000,86,90,20,90,46.95,18.38,1,10,,,80939
41,5,0,148555,25,664000,86,90,20,90,46.95,18.38,1,10,,,81072
22,10,0,155296,25,664000,86,90,20,90,46.95,18.38,1,10,,,81229
72,4,0,160123,25,664000,86,90,20,90,46.95,18.38,1,10,,,81376
105,5,0,161058,25,664000,86,90,20,90,46.95,18.38,1,10,,,81576
9,3,0,166609,25,664000,86,90,20,90,46.95,18.38,1,10,,,81749
91,4,0,171142,25,664000,86,90,20,90,46.95,18.38,1,10,,,81777
50,2,0,172465,25,664000,86,90,20,90,46.95,18.38,1,10,,,82162
124,18,1,177160,25,664000,86,90,20,90,46.95,18.38,1,10,,,82286
67,14,0,182621,25,664000,86,90,20,90,46.95,18.38,1,10,,,82475
121,14,0,185449,25,664000,86,90,20,90,46.95,18.38,1,10,,,82729
148,4,1,185895,25,664000,86,90,20,90,46.95,18.38,1,10,,,82757
23,20,2,189953,25,664000,86,90,20,90,46.95,18.38,1,10,,,82848
97,40,2,193834,25,664000,86,90,20,90,46.95,18.38,1,10,1.2,1.2,83021
151,21,1,196919,25,664000,86,90,20,90,46.95,18.38,1,10,29.3,28.1,83701
170,22,3,200586,25,664000,86,90,20,90,46.95,18.38,1,10,23.2,-6.2,91591
205,19,1,203966,25,664000,86,90,20,90,46.95,18.38,1,10,25.1,1.9,92106
259,41,1,205129,25,664000,86,90,20,90,46.95,18.38,1,10,32.5,7.4,92840
230,68,1,204990,25,664000,86,90,20,90,46.95,18.38,1,10,28.8,-3.7,93658
27,100,1,207514,25,664000,86,90,20,90,46.95,18.38,1,10,22.3,-4.5,94455
230,22,1,209932,25,664000,86,90,20,90,46.95,18.38,1,10,28.8,4.5,95254
221,89,4,212161,25,664000,86,90,20,90,46.95,18.38,1,10,27.6,-1.2,95365
264,50,3,214717,25,664000,86,90,20,90,46.95,18.38,1,10,29.4,1.8,96164
268,123,2,217439,25,664000,86,90,20,90,46.95,18.38,1,10,33.2,3.8,96965
200,65,5,218186,25,664000,86,90,20,90,46.95,18.38,1,10,29.3,-3.9,97863
4276,1869,19,3402198,48.4,75695000,550,249,200,220,44.19,26.37,293,2381,5,0.1,20258907
5441,1890,23,3533869,48.4,75695000,550,249,200,220,44.19,26.37,293,2381,6.2,1.2,20347042
5989,1952,23,3666549,48.4,75695000,550,249,200,220,44.19,26.37,293,2381,7.1,0.9,20431588
6618,2314,22,3715293,48.4,75695000,550,249,200,220,44.19,26.37,293,2381,7.5,0.4,20520126
6711,2339,19,3881778,48.4,75695000,550,249,200,220,44.19,26.37,293,2381,8.1,0.6,20603108
6984,3289,18,4021060,48.4,75695000,550,249,200,220,44.19,26.37,293,2381,8.4,0.3,20686440
7819,3464,25,4110452,48.4,75695000,550,249,200,220,44.19,26.37,293,2381,8,-0.4,20784108
7987,4176,29,4323754,48.4,75695000,550,249,200,220,44.19,26.37,293,2381,8.4,0.4,20879495
8449,4920,33,4532483,48.4,75695000,550,249,200,220,44.19,26.37,293,2381,8.7,0.3,20976696
9344,5263,39,4670781,48.4,75695000,550,249,200,220,44.19,26.37,293,2381,9.3,0.6,21077500
10723,5925,42,4711901,48.4,75695000,550,249,200,220,44.19,26.37,293,2381,9.7,0.5,21187630
10941,6172,44,4814662,48.4,75695000,550,249,200,220,44.19,26.37,293,2381,9.8,0.1,21299220
10986,6250,48,4892488,48.4,75695000,550,249,200,220,44.19,26.37,293,2381,10.8,1,21400549
11681,7071,53,4965949,48.4,75695000,550,249,200,220,44.19,26.37,293,2381,10.4,-0.5,21513210
12652,7526,59,5076978,48.4,75695000,550,249,200,220,44.19,26.37,293,2381,10.9,0.6,21628863
13776,8078,78,5206836,48.4,75695000,550,249,200,220,44.19,26.37,293,2381,11,0.1,21754456
14842,9142,80,5328811,48.4,75695000,550,249,200,220,44.19,26.37,293,2381,11.8,0.8,21880174
15659,11065,82,5351384,48.4,75695000,550,249,200,220,44.19,26.37,293,2381,12.4,0.6,22006472
15684,13625,94,5484633,48.4,75695000,550,249,200,220,44.19,26.37,293,2381,13,0.7,22126656
15830,14043,77,5626091,48.4,75695000,550,249,200,220,44.19,26.37,293,2381,13,0,22248205
16665,15114,98,5741587,48.4,75695000,550,249,200,220,44.19,26.37,293,2381,12.8,-0.2,22378247
17897,15542,107,5845888,48.4,75695000,550,249,200,220,44.19,26.37,293,2381,12.7,-0.1,22518836
18692,16007,113,5947800,48.4,75695000,550,249,200,220,44.19,26.37,293,2381,13,0.3,22662407
19588,17164,147,6045628,48.4,75695000,550,249,200,220,44.19,26.37,293,2381,12.9,-0.1,22813859
20768,17576,153,6046284,48.4,75695000,550,249,200,220,44.19,26.37,293,2381,14.5,1.6,22956942
20952,18016,122,6123161,48.4,75695000,550,249,200,220,44.19,26.37,293,2381,14.9,0.3,23097963
21228,19112,144,6188845,48.4,75695000,550,249,200,220,44.19,26.37,293,2381,15.1,0.3,23238475
23310,20062,167,6249242,48.4,75695000,550,249,200,220,44.19,26.37,293,2381,15,-0.1,23393857
24898,21546,195,6336452,48.4,75695000,550,249,200,220,44.19,26.37,293,2381,16.4,1.4,23545987
26465,22381,197,6422679,48.4,75695000,550,249,200,220,44.19,26.37,293,2381,17.3,1,23698799
27397,23110,241,6480287,48.4,75695000,550,249,200,220,44.19,26.37,293,2381,17.6,0.2,23854797
2055,303,7,1783357,39.8,37220000,307,100,360,360,42.7,20.47,20,841,2.4,-0.2,10659953
2478,363,5,1898374,39.8,37220000,307,100,360,360,42.7,20.47,20,841,2.4,0.1,10761939
2909,584,6,2060865,39.8,37220000,307,100,360,360,42.7,20.47,20,841,2.6,0.2,10873665
3187,787,7,2161735,39.8,37220000,307,100,360,360,42.7,20.47,20,841,2.8,0.2,10988976
2251,565,6,2292129,39.8,37220000,307,100,360,360,42.7,20.47,20,841,2.8,0.1,11068003
3052,778,7,2318292,39.8,37220000,307,100,360,360,42.7,20.47,20,841,2.7,-0.1,11181010
2157,821,8,2452956,39.8,37220000,307,100,360,360,42.7,20.47,20,841,3,0.3,11253374
3307,897,8,2622516,39.8,37220000,307,100,360,360,42.7,20.47,20,841,3.1,0.1,11360001
3840,1198,9,2802424,39.8,37220000,307,100,360,360,42.7,20.47,20,841,3.2,0,11481881
4446,1414,12,2952910,39.8,37220000,307,100,360,360,42.7,20.47,20,841,3.5,0.4,11608116
5093,1555,15,2960305,39.8,37220000,307,100,360,360,42.7,20.47,20,841,3.9,0.4,11737753
4009,1878,14,3132747,39.8,37220000,307,100,360,360,42.7,20.47,20,841,4.8,0.9,11820842
5926,2209,18,3272989,39.8,37220000,307,100,360,360,42.7,20.47,20,841,4.9,0,11942985
6542,2887,20,3395125,39.8,37220000,307,100,360,360,42.7,20.47,20,841,5,0.2,12073090
5567,2251,23,3606921,39.8,37220000,307,100,360,360,42.7,20.47,20,841,5.4,0.4,12175425
6206,3052,29,3812192,39.8,37220000,307,100,360,360,42.7,20.47,20,841,5.9,0.4,12281027
7432,2157,33,4004625,39.8,37220000,307,100,360,360,42.7,20.47,20,841,7.2,1.3,12384797
8126,3307,38,4071623,39.8,37220000,307,100,360,360,42.7,20.47,20,841,7.5,0.3,12493399
6551,3840,43,4287852,39.8,37220000,307,100,360,360,42.7,20.47,20,841,8.9,1.5,12566674
10122,6446,52,4400436,39.8,37220000,307,100,360,360,42.7,20.47,20,841,10.2,1.2,12666312
8061,5093,56,4543288,39.8,37220000,307,100,360,360,42.7,20.47,20,841,9.8,-0.4,12748582
7994,4009,58,4613191,39.8,37220000,307,100,360,360,42.7,20.47,20,841,10,0.2,12828763
7646,5926,53,4781228,39.8,37220000,307,100,360,360,42.7,20.47,20,841,9.9,-0.1,12905854
7754,6542,51,4788950,39.8,37220000,307,100,360,360,42.7,20.47,20,841,9.9,0,12983784
7430,5567,56,4787533,39.8,37220000,307,100,360,360,42.7,20.47,20,841,9.7,-0.2,13060114
5695,6206,49,4814401,39.8,37220000,307,100,360,360,42.7,20.47,20,841,9.7,0,13118856
6876,7432,59,4878695,39.8,37220000,307,100,360,360,42.7,20.47,20,841,9.7,0,13189817
6361,8126,51,4956957,39.8,37220000,307,100,360,360,42.7,20.47,20,841,8.2,-1.5,13267252
6026,6551,52,5037803,39.8,37220000,307,100,360,360,42.7,20.47,20,841,7.5,-0.7,13347076
11451,17183,87,5117048,39.8,37220000,307,100,360,360,42.7,20.47,20,841,8.1,0.5,13488498
5186,7994,38,5187863,39.8,37220000,307,100,360,360,42.7,20.47,20,841,7.5,-0.6,13557646
37,3,0,785861,26.17,3992000,350,30,10,9,44.68,21.06,4,60,2.4,0.6,646186
32,8,0,803168,26.17,3992000,350,30,10,9,44.68,21.06,4,60,1.9,0.5,647320
41,1,0,812288,26.17,3992000,350,30,10,9,44.68,21.06,4,60,2.8,0.9,648832
48,0,0,819107,26.17,3992000,350,30,10,9,44.68,21.06,4,60,2.6,-0.3,650518
10,2,1,832935,26.17,3992000,350,30,10,9,44.68,21.06,4,60,1.1,-1.4,651965
62,7,0,842397,26.17,3992000,350,30,10,9,44.68,21.06,4,60,3,1.8,653832
39,22,0,845229,26.17,3992000,350,30,10,9,44.68,21.06,4,60,1.9,-1.1,654703
0,0,0,845296,26.17,3992000,350,30,10,9,44.68,21.06,4,60,,,656802
31,7,0,862658,26.17,3992000,350,30,10,9,44.68,21.06,4,60,2,2,658885
58,11,0,880367,26.17,3992000,350,30,10,9,44.68,21.06,4,60,2.7,0.7,660465
69,7,0,886131,26.17,3992000,350,30,10,9,44.68,21.06,4,60,2.7,0,662606
32,15,0,910346,26.17,3992000,350,30,10,9,44.68,21.06,4,60,2.3,-0.4,665194
60,16,0,934015,26.17,3992000,350,30,10,9,44.68,21.06,4,60,2.3,0,666583
0,0,0,941698,26.17,3992000,350,30,10,9,44.68,21.06,4,60,,,669149
168,74,0,953744,26.17,3992000,350,30,10,9,44.68,21.06,4,60,3.2,3.2,674440
40,46,0,985264,26.17,3992000,350,30,10,9,44.68,21.06,4,60,2.8,-0.4,675862
127,45,0,1012251,26.17,3992000,350,30,10,9,44.68,21.06,4,60,3.7,0.9,679298
100,18,0,1020935,26.17,3992000,350,30,10,9,44.68,21.06,4,60,2.4,-1.3,683472
98,62,0,1067301,26.17,3992000,350,30,10,9,44.68,21.06,4,60,2.9,0.5,686814
111,44,0,1113957,26.17,3992000,350,30,10,9,44.68,21.06,4,60,2.5,0.4,691184
124,35,2,1140674,26.17,3992000,350,30,10,9,44.68,21.06,4,60,2.7,0.2,695782
166,13,0,1190622,26.17,3992000,350,30,10,9,44.68,21.06,4,60,3.3,0.6,700857
141,50,0,1237738,26.17,3992000,350,30,10,9,44.68,21.06,4,60,3.2,-0.1,705279
173,67,2,1261437,26.17,3992000,350,30,10,9,44.68,21.06,4,60,4,0.8,709639
247,41,0,1267062,26.17,3992000,350,30,10,9,44.68,21.06,4,60,4.6,0.7,714957
134,62,1,1282367,26.17,3992000,350,30,10,9,44.68,21.06,4,60,5,0.3,717664
271,87,1,1301258,26.17,3992000,350,30,10,9,44.68,21.06,4,60,5,0,723049
240,59,0,1319613,26.17,3992000,350,30,10,9,44.68,21.06,4,60,5.3,0.3,727535
300,75,3,1347904,26.17,3992000,350,30,10,9,44.68,21.06,4,60,5.6,0.3,732887
315,149,1,1375527,26.17,3992000,350,30,10,9,44.68,21.06,4,60,6.1,0.5,738070
359,117,1,1393657,26.17,3992000,350,30,10,9,44.68,21.06,4,60,6,0,744022
8474,1084,39,8145161,22.3,224979000,830,184,800,753,37.82,17.99,2316,11461,4.1,0.9,36147340
9587,583,36,8397204,22.3,224979000,830,184,800,753,37.82,17.99,2316,11461,4.9,0.7,36344993
12748,2207,46,8493959,22.3,224979000,830,184,800,753,37.82,17.99,2316,11461,6,1.2,36557245
15276,2769,67,8825419,22.3,224979000,830,184,800,753,37.82,17.99,2316,11461,7.5,1.5,36761069
13604,3197,72,9359564,22.3,224979000,830,184,800,753,37.82,17.99,2316,11461,7,-0.5,36954537
17963,3474,85,9719899,22.3,224979000,830,184,800,753,37.82,17.99,2316,11461,8.2,1.2,37173548
20439,4517,67,10028839,22.3,224979000,830,184,800,753,37.82,17.99,2316,11461,9.7,1.5,37384344
22339,4222,104,10273996,22.3,224979000,830,184,800,753,37.82,17.99,2316,11461,10.8,1.1,37590753
27360,6429,103,10538702,22.3,224979000,830,184,800,753,37.82,17.99,2316,11461,12.2,1.4,37814182
27334,7831,120,10712739,22.3,224979000,830,184,800,753,37.82,17.99,2316,11461,12.7,0.4,38029865
30566,9041,127,10718375,22.3,224979000,830,184,800,753,37.82,17.99,2316,11461,12.9,0.2,38266474
28211,10978,167,10909765,22.3,224979000,830,184,800,753,37.82,17.99,2316,11461,14.1,1.1,38467016
29574,14391,162,11120780,22.3,224979000,830,184,800,753,37.82,17.99,2316,11461,14.8,0.7,38666846
33106,14198,187,11259746,22.3,224979000,830,184,800,753,37.82,17.99,2316,11461,14.7,-0.1,38892416
34254,16514,195,11441728,22.3,224979000,830,184,800,753,37.82,17.99,2316,11461,17.4,2.7,39089449
36605,22566,196,11623695,22.3,224979000,830,184,800,753,37.82,17.99,2316,11461,16.2,-1.1,39314905
37944,23231,222,11777209,22.3,224979000,830,184,800,753,37.82,17.99,2316,11461,16.8,0.5,39540989
35311,25633,206,11783880,22.3,224979000,830,184,800,753,37.82,17.99,2316,11461,14.7,-2,39780573
33551,26719,249,11947728,22.3,224979000,830,184,800,753,37.82,17.99,2316,11461,19,4.2,39957293
32921,30398,264,12061303,22.3,224979000,830,184,800,753,37.82,17.99,2316,11461,17.9,-1.1,40141354
29751,35903,265,12169510,22.3,224979000,830,184,800,753,37.82,17.99,2316,11461,15.9,-2,40328141
35104,25613,295,12355555,22.3,224979000,830,184,800,753,37.82,17.99,2316,11461,15.6,-0.4,40553875
34372,32494,332,12559034,22.3,224979000,830,184,800,753,37.82,17.99,2316,11461,14.1,-1.5,40798042
30180,38826,304,12720794,22.3,224979000,830,184,800,753,37.82,17.99,2316,11461,12.3,-2.8,41064661
30857,36650,288,12705514,22.3,224979000,830,184,800,753,37.82,17.99,2316,11461,10.4,-0.9,41362046
29052,38687,285,12865305,22.3,224979000,830,184,800,753,37.82,17.99,2316,11461,12.7,2.3,41591659
25770,38683,351,13024883,22.3,224979000,830,184,800,753,37.82,17.99,2316,11461,12.4,-0.3,41800223
31111,40852,353,13175325,22.3,224979000,830,184,800,753,37.82,17.99,2316,11461,13.4,1.1,42032261
26622,28902,350,13330583,22.3,224979000,830,184,800,753,37.82,17.99,2316,11461,11.8,-1.6,42258373
27763,33117,372,13470982,22.3,224979000,830,184,800,753,37.82,17.99,2316,11461,11.5,-0.3,42499776
26636,34721,297,13593961,22.3,11141000,189,180,103,103,40.5,20.88,405,2073,2.6,-0.9,42724305
787,265,3,1182912,30.2,11141000,189,180,103,103,40.5,20.88,405,2073,2.3,-0.3,2950213
748,327,5,1243782,30.2,11141000,189,180,103,103,40.5,20.88,405,2073,3.7,1.3,2982382
1233,317,3,1283673,30.2,11141000,189,180,103,103,40.5,20.88,405,2073,4.1,0.4,3016050
1333,243,8,1308881,30.2,11141000,189,180,103,103,40.5,20.88,405,2073,3.7,-0.4,3048668
1334,605,7,1362066,30.2,11141000,189,180,103,103,40.5,20.88,405,2073,4.2,0.5,3085100
1925,405,13,1403195,30.2,11141000,189,180,103,103,40.5,20.88,405,2073,4.3,0.1,3131226
1953,483,13,1432077,30.2,11141000,189,180,103,103,40.5,20.88,405,2073,5.7,1.4,3176482
2220,397,9,1466970,30.2,11141000,189,180,103,103,40.5,20.88,405,2073,7.3,1.5,3215093
2402,1080,17,1519067,30.2,11141000,189,180,103,103,40.5,20.88,405,2073,5.3,-2,3248037
2757,802,37,1565437,30.2,11141000,189,180,103,103,40.5,20.88,405,2073,8,2.7,3300338
2630,708,12,1568172,30.2,11141000,189,180,103,103,40.5,20.88,405,2073,7.1,-0.9,3333159
2160,532,24,1628191,30.2,11141000,189,180,103,103,40.5,20.88,405,2073,10.7,3.6,3363489
3012,734,27,1678639,30.2,11141000,189,180,103,103,40.5,20.88,405,2073,13.1,2.4,3391513
4807,894,34,1715839,30.2,11141000,189,180,103,103,40.5,20.88,405,2073,11,-2.1,3428170
3998,1744,19,1767551,30.2,11141000,189,180,103,103,40.5,20.88,405,2073,12,1.1,3464616
4339,1179,49,1810381,30.2,11141000,189,180,103,103,40.5,20.88,405,2073,14,0.2,3500685
5084,1466,81,1850805,30.2,11141000,189,180,103,103,40.5,20.88,405,2073,11.6,-2.4,3536994
4368,1748,44,1867987,30.2,11141000,189,180,103,103,40.5,20.88,405,2073,8,-3.6,3574574
5058,1601,67,1918491,30.2,11141000,189,180,103,103,40.5,20.88,405,2073,15.1,7,3637694
5703,1471,96,1951517,30.2,11141000,189,180,103,103,40.5,20.88,405,2073,14.3,-0.8,3675568
6054,3485,108,1990231,30.2,11141000,189,180,103,103,40.5,20.88,405,2073,18.1,3.8,3718006
6251,3129,85,2033587,30.2,11141000,189,180,103,103,40.5,20.88,405,2073,18.8,0.7,3752603
5654,4215,122,2076143,30.2,11141000,189,180,103,103,40.5,20.88,405,2073,16.9,-2,3782632
5493,3644,107,2096753,30.2,11141000,189,180,103,103,40.5,20.88,405,2073,21.3,4.5,3815200
5606,2935,71,2101879,30.2,11141000,189,180,103,103,40.5,20.88,405,2073,16.3,-5.1,3841463
5403,3344,128,2111065,30.2,11141000,189,180,103,103,40.5,20.88,405,2073,18.5,2.2,3874678
7028,5696,85,2139623,30.2,11141000,189,180,103,103,40.5,20.88,405,2073,,,3912724
7783,4757,127,2182985,30.2,11141000,189,180,103,103,40.5,20.88,405,2073,23.8,-5.3,3918586
8517,4548,151,2241465,30.2,11141000,189,180,103,103,40.5,20.88,405,2073,26.2,2.3,3954321
9642,4643,137,2287995,30.2,11141000,189,180,103,103,40.5,20.88,405,2073,21.3,-4.8,3991171
8390,4771,118,2326309,30.2,11141000,189,180,103,103,40.5,20.88,405,2073,22,0.7,4030481
2783,957,7,7312694,31.9,126663,1129,401,290,308,43.59,22.57,22,1150,8.3,0.2,9396694
3648,1146,8,7674634,31.9,126663,1129,405,320,308,43.59,22.57,22,1150,10.1,1.8,9432811
4043,1268,12,7891650,31.9,126663,1129,450,380,308,43.59,22.57,22,1150,11,0.9,9469676
4398,1773,10,7982640,31.9,126663,1129,430,250,308,43.59,22.57,22,1150,10.9,-0.1,9510048
4511,1947,14,8226026,31.9,126663,1129,420,255,308,43.59,22.57,22,1150,12.2,1.3,9547164
4817,2278,20,8345753,31.9,126663,1129,441,304,308,43.59,22.57,22,1150,11.4,-0.7,9589378
5892,2297,24,8443337,31.9,126663,1129,452,315,308,43.59,22.57,22,1150,13.6,2.1,9632841
6769,2387,22,8468838,31.9,126663,1129,462,269,308,43.59,22.57,22,1150,16.1,2.5,9674962
6910,2818,26,8609305,31.9,126663,1129,482,369,308,43.59,22.57,22,1150,17.2,1.1,9715115
7713,3426,34,8740073,31.9,126663,1129,495,400,308,43.59,22.57,22,1150,16.4,-0.8,9762086
8419,4053,28,8764173,31.9,126663,1129,462,242,308,43.59,22.57,22,1150,18.3,1.9,9808160
8426,4608,38,8976743,31.9,126663,1129,430,306,308,43.59,22.57,22,1150,20,1.7,9850278
9819,4805,46,9211156,31.9,126663,1129,472,402,308,43.59,22.57,22,1150,19.6,-2.4,9900322
10784,5616,58,9396277,31.9,126663,1129,410,268,308,43.59,22.57,22,1150,21.6,1.9,9950336
11948,6590,56,9558932,31.9,126663,1129,405,350,308,43.59,22.57,22,1150,22.5,0.9,10003490
12876,6878,59,9780926,31.9,126663,1129,409,348,308,43.59,22.57,22,1150,24.5,2,10056136
14281,7584,59,9938711,31.9,126663,1129,500,377,308,43.59,22.57,22,1150,25.9,1.5,10111196
15889,8407,57,9969252,31.9,126663,1129,500,289,308,43.59,22.57,22,1150,28.6,2.6,10166796
15992,9775,68,10230498,31.9,126663,1129,409,264,308,43.59,22.57,22,1150,32.9,4.4,10215358
16403,10664,73,10438235,31.9,126663,1129,408,333,308,43.59,22.57,22,1150,29.7,-3.3,10270645
17207,11933,77,10632087,31.9,126663,1129,406,392,308,43.59,22.57,22,1150,31.3,1.7,10325581
17403,12885,89,10782136,31.9,126663,1129,408,403,308,43.59,22.57,22,1150,32.4,1.1,10379305
17411,13932,96,10972478,31.9,126663,1129,450,411,308,43.59,22.57,22,1150,32.7,0.3,10432553
17512,14374,103,11064671,31.9,126663,1129,480,249,308,43.59,22.57,22,1150,31.1,-1.6,10488850
17515,15587,92,11066286,31.9,126663,1129,482,260,308,43.59,22.57,22,1150,31.2,0.1,10545059
17501,15937,98,11243084,31.9,126663,1129,483,328,308,43.59,22.57,22,1150,31.7,0.5,10600346
17639,16547,107,11385336,31.9,126663,1129,481,316,308,43.59,22.57,22,1150,30.5,-1.1,10658094
18102,17073,103,11475371,31.9,126663,1129,480,405,308,43.59,22.57,22,1150,30.4,-0.1,10717613
18431,17412,117,11559879,31.9,126663,1129,473,288,308,43.59,22.57,22,1150,30.7,0.3,10777718
19216,17780,112,11785949,31.9,126663,1129,460,399,308,43.59,22.57,22,1150,29.8,-0.9,10842269
19436,18243,127,11891417,31.9,126663,1129,460,321,308,43.59,22.57,22,1150,30.7,0.9,10905646
